model,overall,hard,coding,cpmi,launch,end,source
claude-opus-4-7-thinking,1502,,,5,2026-04,2027-04-16,https://openrouter.ai/anthropic/claude-opus-4.7
claude-opus-4-6,1499,,,5,2026-02,2027-02-05,https://platform.claude.com/docs/en/about-claude/pricing
claude-opus-4-6-thinking,1503,,,5,2026-02,2027-02-05,https://platform.claude.com/docs/en/about-claude/pricing
claude-opus-4-7,1494,,,5,2026-04,2027-04-16,https://openrouter.ai/anthropic/claude-opus-4.7
muse-spark,1487,,,,2026-03?,,
gpt-5.5-high,1481,1498,1513,5,2026-04,,https://openrouter.ai/openai/gpt-5.5
gemini-3.5-flash,1476,,,1.5,2026-05,,https://openrouter.ai/google/gemini-3.5-flash
gpt-5.5,1475,,,5,2026-04,,https://openrouter.ai/openai/gpt-5.5
qwen3.7-max-preview,1475,,,,2026-04?,,
ernie-5.1,1468,,,,2026-04?,,
glm-5.1,1473,,,0.95,2026-04,,https://openrouter.ai/z-ai/glm-5.1
gpt-5.5-instant,1472,,,,2026-04?,,
mimo-v2.5-pro,1466,,,1,2026-04,,https://openrouter.ai/xiaomi/mimo-v2.5-pro
deepseek-v4-pro,1457,,,0.4,2026-04,,https://openrouter.ai/deepseek/deepseek-v4-pro
deepseek-v4-pro-thinking,1457,,,0.435,2026-04,,https://openrouter.ai/deepseek/deepseek-v4-pro
qwen3.6-max-preview,1460,,,1.0,2026-04,,https://openrouter.ai/qwen/qwen3.6-max-preview
dola-seed-2.0-pro,1455,,,,2026-03?,,
kimi-k2.6,1461,,,0.7448,2026-04,,https://openrouter.ai/moonshotai/kimi-k2.6
gemma-4-31b,1451,1473,1497,,2026-03?,,
grok-4.3,1443,,,1.25,2026-04,,https://openrouter.ai/x-ai/grok-4.3
qwen3.6-plus,1444,1466,1493,0.3,2026-04,,https://openrouter.ai/qwen/qwen3.6-plus
deepseek-v4-flash-thinking,1437,,,0.14,2026-04,,https://openrouter.ai/deepseek/deepseek-v4-flash
longcat-flash-chat-2602-exp,1436,,,,2026-03?,,
gemma-4-26b-a4b,1438,1461,1479,,2026-03?,,
deepseek-v4-flash,1435,,,0.1,2026-04,,https://openrouter.ai/deepseek/deepseek-v4-flash
mimo-v2.5,1434,,,0.4,2026-04,,https://openrouter.ai/xiaomi/mimo-v2.5
hunyuan-hy3-preview,1413,,,,2026-04?,,
trinity-large-preview,1378,,,0.15,2026-01,,https://openrouter.ai/arcee-ai/trinity-large-preview
trinity-large-thinking,1369,,,0.22,2026-04,,https://openrouter.ai/arcee-ai/trinity-large-thinking
granite-4.1-8b,1311,1331,1358,0.05,2026-04,,https://openrouter.ai/ibm-granite/granite-4.1-8b
gpt-5.4-high (codex-harness),,,1457,2.5,2026-03,2026-04?,https://openrouter.ai/openai/gpt-5.4
gemini-3.1-pro-preview,1486,,,2,2026-02,,https://ai.google.dev/gemini-api/docs/pricing
gemini-3-pro,1486,1504,1519,2,2025-12,2026-03-09,https://ai.google.dev/gemini-api/docs/deprecations
gpt-5.4-medium (codex-harness),,,1428,2.5,2026-03,2026-04?,https://openrouter.ai/openai/gpt-5.4
gpt-5.3-codex (codex-harness),,,1407,1.75,2026-02,2026-04?,https://openrouter.ai/openai/gpt-5.3-codex
gpt-5-medium,,,1392,1.25,2025-08,2026-04?,https://openrouter.ai/openai/gpt-5
gpt-5.1-medium,,,1390,1.25,2025-11,2026-04?,https://openrouter.ai/openai/gpt-5.1
grok-4.20-beta-0309-reasoning,1476,,,2,2026-03,,https://openrouter.ai/x-ai/grok-4.20
gpt-5.2-codex,,,1336,1.8,2026-01,2026-07-23,https://openrouter.ai/openai/gpt-5.2-codex
gpt-5.1-codex,,,1328,1.2,2025-11,2026-07-23,https://openrouter.ai/openai/gpt-5.1-codex
KAT-Coder-Pro-V1,,,1257,,2026-03?,2026-04?,
gpt-5.1-codex-mini,,,1238,0.2,2025-11,2026-07-23,https://openrouter.ai/openai/gpt-5.1-codex-mini
devstral-2,,,1198,,2026-03?,2026-04?,
grok-code-fast-1,,,1138,0.2,2025-08,2026-04?,https://openrouter.ai/x-ai/grok-code-fast-1
devstral-medium-2507,,,1090,0.4,2025-07,2026-04?,https://openrouter.ai/mistralai/devstral-medium
grok-4.20-multi-agent-beta-0309,1471,,,2,2026-03,,https://openrouter.ai/x-ai/grok-4.20-multi-agent
grok-4.1-thinking,1466,,,3,2025-11,,https://docs.x.ai/developers/models
grok-4.20-beta1,1474,,,3,2026-02,,https://docs.x.ai/developers/models
gemini-3-flash,1473,1493,1509,0.5,2025-12,,https://openrouter.ai/google/gemini-3-flash-preview
claude-opus-4-5-20251101-thinking-32k,1473,1499,1530,5,2025-11,2026-11-24,https://docs.anthropic.com/en/docs/about-claude/model-deprecations
claude-opus-4-5-20251101,1469,,,5,2025-11,2026-11-24,https://docs.anthropic.com/en/docs/about-claude/model-deprecations
gpt-5.4-high,1478,,,2.5,2026-03,,https://openai.com/api/pricing/
gpt-5.2-chat-latest-20260210,1476,,,1.75,2026-02,,https://openrouter.ai/openai/gpt-5.2-chat
qwen3.5-max-preview,1465,,,,2026-03?,,
grok-4.1,1459,,,3,2025-11,,https://docs.x.ai/developers/models
gemini-3-flash (thinking-minimal),1460,,,0.5,2025-12,,https://openrouter.ai/google/gemini-3-flash-preview
gpt-5.3-chat-latest,1449,1473,1497,1.75,2026-03,,https://openrouter.ai/openai/gpt-5.3-chat
gpt-5.1-high,1455,1474,1491,1.25,2025-11,,https://openrouter.ai/openai/gpt-5.1
gemini-2.5-pro-preview-06-05,1476,1480,1496,1.25,2025-06,2025-12-02,https://ai.google.dev/gemini-api/docs/deprecations
gpt-5.4-mini-high,1449,,,0.75,2026-03,,https://openrouter.ai/openai/gpt-5.4-mini
ernie-5.0-0110,1447,,,0.84,2026-01,,https://artificialanalysis.ai/models/ernie-5-0-thinking-preview
dola-seed-2.0-preview,1463,1486,1511,,2026-02,2026-04?,
gemini-2.5-pro,1446,1459,1465,1.2,2025-10,2026-06-17,https://openrouter.ai/google/gemini-2.5-pro
claude-opus-4-1-20250805-thinking-16k,1449,1480,1513,15,2025-08,2026-08-05,https://docs.anthropic.com/en/docs/about-claude/model-deprecations
gemini-2.5-pro-preview-05-06,1446,1446,1446,1.2,2025-05,2025-12-02,https://openrouter.ai/google/gemini-2.5-pro-preview-05-06
gpt-5.4,1467,,,2.5,2026-03,,https://openai.com/api/pricing/
claude-sonnet-4-5-20250929-thinking-32k,1455,,,3,2025-09,2026-09-29,https://docs.anthropic.com/en/docs/about-claude/model-deprecations
claude-sonnet-4-6,1472,,,3,2026-02,2027-02-17,https://platform.claude.com/docs/en/about-claude/pricing
ernie-5.0-preview-1203,1449,1464,1472,0.84,2025-12,2026-01,https://artificialanalysis.ai/models/ernie-5-0-thinking-preview
kimi-k2.5-thinking,1450,,,0.47,2025-11,,https://openrouter.ai/moonshotai/kimi-k2-thinking
glm-5,1458,,,0.6,2026-02,,https://openrouter.ai/z-ai/glm-5
mimo-v2-pro,1448,,,1,2026-03,,https://openrouter.ai/xiaomi/mimo-v2-pro
gpt-4.5-preview-2025-02-27,1445,,,75,2025-02,2025-07-14,https://platform.openai.com/docs/deprecations/
o3-2025-04-16,1431,1440,1458,10,2025-04,,https://openai.com/api/pricing/
gpt-5.2-high,1437,,,1.75,2025-12,,https://openrouter.ai/openai/gpt-5.2
chatgpt-4o-latest-20250326,1443,1456,1469,5,2025-03,2026-02-17,https://platform.openai.com/docs/deprecations/
qwen3.5-397b-a17b,1443,,,0.4,2026-02,,https://openrouter.ai/qwen/qwen3.5-397b-a17b
gpt-5.1,1439,1455,1474,1.2,2025-11,,https://openrouter.ai/openai/gpt-5.1
claude-sonnet-4-5-20250929,1455,,,3,2025-09,2026-09-29,https://docs.anthropic.com/en/docs/about-claude/model-deprecations
glm-4.7,1442,,,0.4,2025-12,,https://openrouter.ai/z-ai/glm-4.7
gpt-5-high,1434,1446,1467,1.25,2025-08,,https://openai.com/api/pricing/
claude-opus-4-1-20250805,1447,1477,1505,15,2025-08,2026-08-05,https://docs.anthropic.com/en/docs/about-claude/model-deprecations
grok-4-1-fast-reasoning,1431,1441,1462,0.2,2025-11,,https://openrouter.ai/x-ai/grok-4.1-fast
gpt-5.2,1435,,,1.8,2025-11,,https://openrouter.ai/openai/gpt-5.2
ernie-5.0-preview-1103,1430,1439,1462,0.84,2025-11,2025-12,https://artificialanalysis.ai/models/ernie-5-0-thinking-preview
kimi-k2-thinking-turbo,1430,1453,1487,0.47,2025-11,,https://openrouter.ai/moonshotai/kimi-k2-thinking
qwen3-max-preview,1435,1459,1482,1.2,2025-09,,https://openrouter.ai/qwen/qwen3-max
kimi-k2.5-instant,1432,,,0.3,2026-01,,https://openrouter.ai/moonshotai/kimi-k2.5
amazon-nova-experimental-chat-26-02-10,1427,1448,1488,,2026-03?,,
gpt-5-chat,1427,1449,1463,1.2,2025-08,,https://openrouter.ai/openai/gpt-5-chat
qwen3-max-2025-09-23,1424,1448,1474,1.2,2025-09,,https://openrouter.ai/qwen/qwen3-max
gemini-3.1-flash-lite-preview,1432,,,0.2,2026-02,,https://openrouter.ai/google/gemini-3.1-flash-lite-preview
glm-4.6,1425,,,0.4,2025-10,,https://openrouter.ai/z-ai/glm-4.6
grok-4-fast,1420,1430,1454,0.2,2025-09,2026-04?,https://openrouter.ai/x-ai/grok-4-fast
gemini-2.5-flash-preview-05-20,1420,1423,1433,0.15,2025-05,2025-11-18,https://ai.google.dev/gemini-api/docs/deprecations
deepseek-v3.2-exp-thinking,1425,1446,1474,0.27,2025-10,,https://openrouter.ai/deepseek/deepseek-v3.2-exp
claude-opus-4-20250514-thinking-16k,1424,1456,1498,15,2025-07,2026-06-15,https://docs.anthropic.com/en/docs/about-claude/model-deprecations
qwen3-vl-235b-a22b-instruct,1415,1440,1465,0.2,2025-10,,https://openrouter.ai/qwen/qwen3-vl-235b-a22b-instruct
qwen3-235b-a22b-instruct-2507,1423,1448,1472,0.6,2025-08,,https://openrouter.ai/qwen/qwen3-235b-a22b-thinking-2507
deepseek-v3.2-thinking,1423,,,0.26,2025-12,,https://openrouter.ai/deepseek/deepseek-v3.2
grok-4-fast-chat,1421,1433,1458,0.2,2025-09,,https://openrouter.ai/x-ai/grok-4-fast
deepseek-v3.2,1425,,,0.2,2025-12,,https://openrouter.ai/deepseek/deepseek-v3.2
kimi-k2-0905-preview,1418,1436,1467,0.4,2025-09,,https://openrouter.ai/moonshotai/kimi-k2-0905
deepseek-r1-0528,1422,1434,1464,0.5,2025-07,,https://openrouter.ai/deepseek/deepseek-r1-0528
deepseek-v3.1,1417,,,0.27,2025-09,,https://openrouter.ai/deepseek/deepseek-chat-v3.1
ernie-5.0-preview-1022,1419,1427,1433,0.84,2025-10,2025-11,https://artificialanalysis.ai/models/ernie-5-0-thinking-preview
deepseek-v3.1-thinking,1417,1437,1457,0.27,2025-09,,https://openrouter.ai/deepseek/deepseek-chat-v3.1
kimi-k2-0711-preview,1417,1431,1459,0.6,2025-07,,https://openrouter.ai/moonshotai/kimi-k2
deepseek-v3.1-terminus,1416,1424,1439,0.3,2025-09,,https://openrouter.ai/deepseek/deepseek-v3.1-terminus
deepseek-v3.1-terminus-thinking,1418,,,0.27,2025-09,,https://openrouter.ai/deepseek/deepseek-v3.1-terminus
grok-4-0709,1410,1420,1435,3,2025-07,,https://openrouter.ai/x-ai/grok-4
qwen3.5-122b-a10b,1417,,,0.3,2026-02,,https://openrouter.ai/qwen/qwen3.5-122b-a10b
mistral-large-3,1416,,,0.5,2025-12,,https://openrouter.ai/mistralai/mistral-large-2512
gpt-4.1-2025-04-14,1414,,,2,2025-04,,https://openai.com/api/pricing/
claude-opus-4-20250514,1412,1435,1463,15,2025-05,2026-06-15,https://docs.anthropic.com/en/docs/about-claude/model-deprecations
grok-3-preview-02-24,1412,1426,1443,3,2025-02,,https://x.ai/api
deepseek-v3.2-exp,1423,1448,1465,0.3,2025-10,,https://openrouter.ai/deepseek/deepseek-v3.2-exp
gemini-2.5-flash,1410,,,0.3,2025-07,2026-06-17,https://ai.google.dev/gemini-api/docs/deprecations
mistral-medium-2508,1410,1429,1455,2,2025-10,,https://openrouter.ai/mistralai/magistral-medium-2506
glm-4.5,1411,1433,1454,0.6,2025-08,,https://openrouter.ai/z-ai/glm-4.5
amazon-nova-experimental-chat-26-01-10,1416,1447,1479,,2026-01,,
gemini-2.5-flash-preview-09-2025,1404,,,0.15,2025-10,2026-02-17,https://ai.google.dev/gemini-api/docs/deprecations
minimax-m2.7,1417,,,0.3,2026-03,,https://openrouter.ai/minimax/minimax-m2.7
gpt-5.4-nano-high,1403,,,0.2,2026-03,,https://openrouter.ai/openai/gpt-5.4-nano
qwen3-next-80b-a3b-instruct,1401,,,0.1,2025-10,,https://openrouter.ai/qwen/qwen3-next-80b-a3b-instruct
o1-2024-12-17,1402,1418,1432,15,2024-12,2026-10-23,https://openrouter.ai/openai/o1
longcat-flash-chat,1401,1427,1475,0.15,2025-10,,https://openrouter.ai/meituan/longcat-flash-chat
claude-sonnet-4-20250514-thinking-32k,1399,1431,1473,3,2025-07,2026-06-15,https://docs.anthropic.com/en/docs/about-claude/model-deprecations
qwen3.5-27b,1409,1426,1446,0.2,2026-02,,https://openrouter.ai/qwen/qwen3.5-27b
qwen3-235b-a22b-no-thinking,1403,1421,1446,0.15,2025-07,,https://openrouter.ai/qwen/qwen3-235b-a22b-2507
claude-haiku-4-5-20251001,1411,,,0.8,2025-10,2026-10-15,https://docs.anthropic.com/en/docs/about-claude/model-deprecations
grok-4-fast-reasoning,1404,1413,1437,0.2,2025-09,,https://openrouter.ai/x-ai/grok-4-fast
qwen3-235b-a22b-thinking-2507,1399,1418,1441,0.1,2025-08,,https://openrouter.ai/qwen/qwen3-235b-a22b-thinking-2507
gpt-5-mini-high,1390,1403,1429,0.25,2025-08,,https://openai.com/api/pricing/
deepseek-r1,1398,1418,1444,0.7,2025-01,,https://openrouter.ai/deepseek/deepseek-r1
qwen3-vl-235b-a22b-thinking,1396,1419,1455,0.3,2025-10,,https://openrouter.ai/qwen/qwen3-vl-235b-a22b-thinking
qwen3.5-flash,1397,,,,2026-02,,
gemini-2.5-flash-preview-04-17,1392,1391,1404,0.15,2025-04,2025-05,https://ai.google.dev/gemini-api/docs/pricing
minimax-m2.5,1391,,,0.12,2026-02,,https://openrouter.ai/minimax/minimax-m2.5
deepseek-v3-0324,1395,,,0.27,2025-03,,https://openrouter.ai/deepseek/deepseek-chat-v3-0324
mimo-v2-flash (non-thinking),1393,1414,1445,0.1,2025-12,,https://openrouter.ai/xiaomi/mimo-v2-flash
amazon-nova-experimental-chat-12-10,1394,,,,2025-12,,
o4-mini-2025-04-16,1390,1405,1431,1.1,2025-04,2026-10-23,https://openai.com/api/pricing/
mai-1-preview,1393,1405,1430,,2025-10,,
claude-sonnet-4-20250514,1389,1417,1448,3,2025-05,2026-06-15,https://docs.anthropic.com/en/docs/about-claude/model-deprecations
o1-preview,1388,1396,1416,15,2024-09,2025-07-28,https://platform.openai.com/docs/deprecations/
claude-3-7-sonnet-20250219-thinking-32k,1387,1416,1451,3,2025-03,2026-02-19,https://docs.anthropic.com/en/docs/about-claude/model-deprecations
qwen3.5-35b-a3b,1396,,,0.1,2026-02,,https://openrouter.ai/qwen/qwen3.5-35b-a3b
hunyuan-vision-1.5-thinking,1396,1422,1439,,2025-11,,
qwen3-30b-a3b-instruct-2507,1383,1408,1440,0.0,2025-08,,https://openrouter.ai/qwen/qwen3-30b-a3b-instruct-2507
hunyuan-t1-20250711,1387,1399,1400,,2025-07,,
qwen3-coder-480b-a35b-instruct,1388,,,0.4,2025-07,,https://openrouter.ai/qwen/qwen3-coder
mistral-medium-2505,1387,1401,1433,0.4,2025-05,,https://openrouter.ai/mistralai/mistral-medium-3
gemini-2.5-flash-lite-preview-09-2025-no-thinking,1380,1390,1397,0.1,2025-09,2026-03-31,https://openrouter.ai/google/gemini-2.5-flash-lite-preview-09-2025
gemini-2.0-pro-exp-02-05,1379,1383,1378,2.5,2025-02,2025-03,https://ai.google.dev/gemini-api/docs/deprecations
hunyuan-turbos-20250416,1382,1391,1394,,2025-04,,
minimax-m2.1-preview,1384,,,0.3,2026-01,,https://openrouter.ai/minimax/minimax-m2-her
Hunyuan-turbos-20250416,1383,1390,1395,2.07,2025-05,2026-04?,https://www.omniverse.com.im/discover/model/hunyuan-turbo
gpt-4.1-mini-2025-04-14,1383,,,0.4,2025-04,,https://openai.com/api/pricing/
step-3.5-flash,1395,,,0.1,2026-02,,https://openrouter.ai/stepfun/step-3.5-flash
gemini-2.5-pro-exp-03-25,1378,1379,1432,2.5,2025-03,2025-05,https://ai.google.dev/gemini-api/docs/pricing
gemini-2.5-flash-lite-preview-09-25-no-thinking,1380,1390,1397,0.3,2025-09,2026-03-31,https://ai.google.dev/gemini-api/docs/deprecations
gemini-2.5-flash-lite-preview-06-17-thinking,1374,,,0.3,2025-06,2025-11,https://ai.google.dev/gemini-api/docs/changelog
mimo-v2-flash (thinking),1387,1413,1432,0.09,2026-02,,https://openrouter.ai/xiaomi/mimo-v2-flash
qwen3-235b-a22b,1375,1392,1433,0.5,2025-05,,https://openrouter.ai/qwen/qwen3-235b-a22b
glm-4.6v,1377,,,0.3,2025-12,,https://openrouter.ai/z-ai/glm-4.6v
qwen2.5-max,1374,1385,1403,1.6,2025-01,,
glm-4.5-air,1373,1391,1426,0.2,2025-08,,https://openrouter.ai/z-ai/glm-4.5
claude-3-7-sonnet-20250219,1371,1398,1429,3,2025-02,2026-02-19,https://docs.anthropic.com/en/docs/about-claude/model-deprecations
nvidia-nemotron-3-super-120b-a12b,1362,,,0.1,2026-03,,https://openrouter.ai/nvidia/nemotron-3-super-120b-a12b
minimax-m1,1364,1381,1416,0.4,2025-07,,https://openrouter.ai/minimax/minimax-m1
qwen3-next-80b-a3b-thinking,1370,,,0.1,2025-09,,https://openrouter.ai/qwen/qwen3-next-80b-a3b-thinking
claude-3-5-sonnet-20241022,1373,,,3,2024-10,2025-10-28,https://docs.anthropic.com/en/docs/about-claude/model-deprecations
gemini-2.0-flash-001,1360,1361,1365,0.1,2025-02,2026-06-01,https://ai.google.dev/gemini-api/docs/deprecations
gemma-3-27b-it,1366,1365,1358,0.1,2025-03,,https://openrouter.ai/google/gemma-3-27b-it
o3-mini-high,1363,1401,1434,1.1,2025-01,,https://openai.com/api/pricing/
amazon-nova-experimental-chat-11-10,1367,1394,1420,,2025-11,,
grok-3-mini-high,1362,1377,1390,0.3,2025-07,,https://openrouter.ai/x-ai/grok-3-mini
grok-3-mini-beta,1357,1370,1386,0.3,2025-04,,https://openrouter.ai/x-ai/grok-3-mini-beta
trinity-large,1376,1400,1428,,2026-02,2026-04?,
deepseek-v3,1358,1350,1387,0.14,2024-12,,
mistral-small-2506,1358,,,0.5,2025-07,,https://openrouter.ai/mistralai/magistral-small-2506
gemini-2.0-flash-lite-preview-02-05,1353,1348,1343,0.075,2025-02,2025-12-09,https://ai.google.dev/gemini-api/docs/deprecations
glm-4.7-flash,1368,1387,1424,0.05,2026-01,,https://openrouter.ai/z-ai/glm-4.7-flash
glm-4.5v,1353,1376,1404,0.6,2025-09,,https://openrouter.ai/z-ai/glm-4.5v
gemini-1.5-pro-002,1351,1351,1356,5,2024-10,2025-09,https://ai.google.dev/gemini-api/docs/pricing
command-a-03-2025,1354,1368,1390,2.5,2025-03,,https://openrouter.ai/cohere/command-a
gpt-oss-120b,1353,1362,1390,0.0,2025-08,,https://openrouter.ai/openai/gpt-oss-120b
o3-mini,1348,,,1.1,2025-01,,https://openrouter.ai/openai/o3-mini
hunyuan-turbos-20250226,1349,1368,1399,,2025-03,,
intellect-3,1356,,,0.2,2025-11,,https://openrouter.ai/prime-intellect/intellect-3
amazon-nova-experimental-chat-10-09,1348,1358,1388,,2025-09,,
step-3,1348,1378,1407,0.57,2025-09,,https://openrouter.ai/stepfun-ai/step3
amazon-nova-experimental-chat-10-20,1350,1373,1411,,2025-11,,
qwen3-32b,1347,1368,1407,0.1,2025-05,,https://openrouter.ai/qwen/qwen3-32b
llama-3.1-nemotron-ultra-253b-v1,1347,1375,1391,0.6,2025-03,,https://openrouter.ai/nvidia/llama-3.1-nemotron-ultra-253b-v1
mercury-2,1347,,,0.25,2026-03,,https://openrouter.ai/inception/mercury-2
gpt-4o-2024-05-13,1346,,,5.0,2024-09,2026-10-23,https://openrouter.ai/openai/gpt-4o-2024-05-13
qwen-plus-0125,1346,1353,1379,0.4,2025-02,,https://openrouter.ai/qwen/qwen-plus
minimax-m2,1346,1368,1384,0.255,2025-11,,https://openrouter.ai/minimax/minimax-m2
glm-4-plus-0111,1343,1326,1331,0.33,2025-02,,https://open.bigmodel.cn/pricing
ling-flash-2.0,1346,1366,1412,,2025-10,,
gemma-3-12b-it,1342,1332,1317,0.0,2025-05,,https://openrouter.ai/google/gemma-3-12b-it
chatgpt-4o-latest-20250129,1339,1351,1366,5,2025-02,2025-03,https://openai.com/api/pricing/
nvidia-llama-3.3-nemotron-super-49b-v1.5,1343,1361,1405,0.4,2025-04,,https://openrouter.ai/nvidia/llama-3.3-nemotron-super-49b-v1.5
claude-3-5-sonnet-20240620,1342,1359,1397,3,2024-06,2025-10-28,https://docs.anthropic.com/en/docs/about-claude/model-deprecations
gpt-5-nano-high,1337,1354,1381,0.05,2025-08,,https://openai.com/api/pricing/
hunyuan-turbo-0110,1341,,,,2025-03,,
llama-3.1-405b-instruct-bf16,1335,,,2,2024-06,,https://openrouter.ai/models/meta-llama/llama-3.1-405b
o1-mini,1337,1361,1387,3,2024-09,2025-10-27,https://platform.openai.com/docs/deprecations/
grok-2-2024-08-13,1336,,,5,2024-09,,https://openrouter.ai/x-ai/grok-2
nova-2-lite,1337,1359,1396,0.3,2025-12,,https://openrouter.ai/amazon/nova-2-lite-v1
llama-3.1-405b-instruct-fp8,1333,1335,1367,2.75,2024-07,,https://openrouter.ai/meta-llama/llama-3.1-405b-instruct
qwq-32b,1336,1357,1384,0.2,2024-11,,https://openrouter.ai/qwen/qwq-32b-preview
gemini-advanced-0514,1335,1325,1337,,2024-05,2025-05,https://ai.google.dev/gemini-api/docs/deprecations
gpt-4o-2024-08-06,1335,1327,1360,2.5,2024-08,,https://openai.com/api/pricing/
step-2-16k-exp-202412,1334,1338,1371,,2024-12,,
yi-lightning,1328,1341,1369,,2024-10,,
llama-4-maverick-17b-128e-instruct,1327,1339,1373,0.17,2025-04,,https://openrouter.ai/meta-llama/llama-4-maverick
qwen3-30b-a3b,1327,1345,1387,0.1,2025-05,,https://openrouter.ai/qwen/qwen3-30b-a3b
llama-3.3-nemotron-49b-super-v1,1328,1361,1363,,2025-03,,
hunyuan-large-2025-02-10,1326,1330,1366,,2025-02,,
gpt-4-turbo-2024-04-09,1324,1316,1346,10,2024-04,2026-10-23,https://openai.com/api/pricing/
nvidia-nemotron-3-nano-30b-a3b-bf16,1317,1328,1363,0.05,2025-12,,https://openrouter.ai/nvidia/nemotron-3-nano-30b-a3b:free
llama-4-scout-17b-16e-instruct,1322,1330,1362,0.08,2025-05,,https://openrouter.ai/meta-llama/llama-4-scout
gemini-exp-1206,1321,1311,1368,5.001,2024-11,2025-07,https://ai.google.dev/gemini-api/docs/deprecations
olmo-3.1-32b-instruct,1330,1350,1384,0.2,2025-12,,https://openrouter.ai/allenai/olmo-3.1-32b-instruct
deepseek-v2.5-1210,1323,1329,1374,0.14,2024-12,,
molmo-2-8b,1328,1341,,,2026-02,,
claude-3-opus-20240229,1321,1328,1353,15,2024-02,2026-01-05,https://docs.anthropic.com/en/docs/about-claude/model-deprecations
gemini-1.5-pro-001,1323,1327,1347,3.5,2024-05,2025-05,https://ai.google.dev/gemini-api/docs/pricing
claude-3-5-haiku-20241022,1323,1344,1384,0.8,2024-11,2026-02-19,https://docs.anthropic.com/en/docs/about-claude/model-deprecations
step-1o-turbo-202506,1320,1333,1353,,2025-06,,
amazon-nova-experimental-chat-05-14,1319,1331,1357,,2025-05,2026-04?,
gpt-4.1-nano-2025-04-14,1322,1333,1373,0.1,2025-04,2026-10-23,https://openai.com/api/pricing/
llama-3.3-70b-instruct,1318,1320,1345,0.13,2024-12,,https://openrouter.ai/meta-llama/llama-3.3-70b-instruct
chatgpt-4o-latest-20241120,1318,1340,1351,5,2024-11,2025-02,https://openai.com/api/pricing/
gemma-3n-e4b-it,1318,1313,1309,0.1,2025-05,,https://openrouter.ai/google/gemma-3n-e4b-it
gpt-oss-20b,1317,1323,1369,0.0,2025-08,,https://openrouter.ai/openai/gpt-oss-20b
glm-4-plus,1319,1319,1352,0.33,2024-10,,https://open.bigmodel.cn/pricing
qwen-max-0919,1318,1318,1352,1.6,2024-09,,https://openrouter.ai/qwen/qwen-max
gpt-4o-mini-2024-07-18,1317,1311,1348,0.1,2024-07,,https://openrouter.ai/openai/gpt-4o-mini-2024-07-18
ring-flash-2.0,1321,1351,1390,,2025-10,,
qwen2.5-plus-1127,1315,1326,1357,0.4,2024-12,,https://openrouter.ai/qwen/qwen-plus
gpt-4-1106-preview,1312,1311,1338,10,2023-11,2026-10-23,https://platform.openai.com/docs/deprecations/
gpt-4-0125-preview,1312,1306,1331,10,2024-01,2026-03-26,https://platform.openai.com/docs/deprecations/
athene-v2-chat,1314,1333,1369,,2024-12,,
mistral-large-2407,1314,1319,1353,2,2024-07,2025-03,https://docs.mistral.ai/getting-started/models/models_overview/
gemini-1.5-flash-002,1309,1303,1316,0.075,2024-10,2025-09,https://ai.google.dev/gemini-api/docs/deprecations
hunyuan-standard-2025-02-10,1311,1310,1331,,2025-02,,
olmo-3-32b-think,1305,1328,1364,0.15,2025-12,,https://openrouter.ai/allenai/olmo-3.1-32b-think
gemini-2.0-flash-thinking-exp-1219,1308,1302,1343,4.001,2024-12,2025-12,https://ai.google.dev/gemini-api/docs/changelog
gemini-2.0-flash-thinking-exp-01-21,1307,1305,1363,4.001,2025-01,2025-12,https://ai.google.dev/gemini-api/docs/changelog
grok-2-mini-2024-08-13,1308,1304,1335,,2024-08,,
mercury,1306,1320,1367,0.25,2025-07,,https://openrouter.ai/inception/mercury
deepseek-v2.5,1307,1321,1368,0.14,2024-08,,https://openrouter.ai/models/deepseek/deepseek-chat
magistral-medium-2506,1304,1332,1386,0.4,2025-08,2025-11,https://docs.mistral.ai/models/magistral-medium-1-0-25-06
athene-70b-0725,1306,1312,1350,,2024-07,,
mistral-large-2411,1305,1313,1345,2,2024-11,,https://openrouter.ai/mistralai/mistral-large-2411
gemma-3-4b-it,1303,1284,1275,0.0,2025-05,,https://openrouter.ai/google/gemma-3-4b-it
mistral-small-3.1-24b-instruct-2503,1303,1319,1361,0.1,2025-05,2025-11,https://docs.mistral.ai/models/mistral-small-3-1-25-03
qwen2.5-72b-instruct,1303,1317,1355,0.35,2024-09,,https://openrouter.ai/models/qwen/qwen-2.5-72b-instruct
gemini-2.0-flash-exp,1296,1291,1351,2.001,2024-12,2025-03,https://ai.google.dev/gemini-api/docs/deprecations
llama-3.1-nemotron-70b-instruct,1299,1310,1328,0.35,2024-10,,https://openrouter.ai/nvidia/llama-3.1-nemotron-70b-instruct
llama-3.1-70b-instruct,1293,1298,1333,0.52,2024-06,,https://openrouter.ai/models/meta-llama/llama-3.1-70b-instruct
hunyuan-large-vision,1294,1303,1356,,2025-06,,
chatgpt-4o-latest-20240903,1291,1277,1347,5,2024-08,2024-11,https://openai.com/api/pricing/
amazon-nova-pro-v1.0,1290,1302,1342,0.8,2024-11,,
jamba-1.5-large,1289,1283,1311,2,2024-08,,https://openrouter.ai/models/ai21/jamba-1-5-large
reka-core-20240904,1287,1280,1315,,2024-09,,
llama-3.1-tulu-3-70b,1286,1273,1307,5,2025-02,,https://openrouter.ai/allenai/llama-3.1-tulu-3-405b
ibm-granite-h-small,1287,1301,1328,0.017,2025-10,,https://openrouter.ai/ibm-granite/granite-4.0-h-micro
gemma-2-27b-it,1288,1282,1305,0.7,2024-06,,https://openrouter.ai/google/gemma-2-27b-it
llama-3.1-nemotron-51b-instruct,1285,1280,1310,0.35,2024-10,,https://openrouter.ai/nvidia/llama-3.1-nemotron-70b-instruct
olmo-3.1-32b-think,1285,1305,1339,0.15,2025-12,,https://openrouter.ai/allenai/olmo-3.1-32b-think
gpt-4-0314,1286,1304,1327,30,2024-03,2026-03-26,https://platform.openai.com/docs/deprecations/
gemini-1.5-flash-001,1286,1288,1310,0.075,2024-08,2025-05,https://ai.google.dev/gemini-api/docs/pricing
claude-3-sonnet-20240229,1280,1281,1316,3,2024-02,2025-07-21,https://docs.anthropic.com/en/docs/about-claude/model-deprecations
gemma-2-9b-it-simpo,1279,1272,1272,,2024-06,,
nemotron-4-340b-instruct,1276,1280,1307,4.2,2024-06,,https://openrouter.ai/models/nvidia/nemotron-4-340b-instruct
command-r-plus-08-2024,1276,1260,1279,2.5,2024-08,,https://openrouter.ai/cohere/command-r-plus-08-2024
llama-3-70b-instruct,1275,1278,1305,0.51,2024-04,,https://openrouter.ai/meta-llama/llama-3-70b-instruct
gpt-4-0613,1274,1287,1312,30,2024-06,2026-10-23,https://openai.com/api/pricing/
mistral-small-24b-instruct-2501,1274,1284,1312,0.0,2025-01,2025-11,https://openrouter.ai/mistralai/mistral-small-24b-instruct-2501
glm-4-0520,1273,1277,1307,0.66,2024-05,,https://open.bigmodel.cn/pricing
reka-flash-20240904,1271,1266,1290,,2024-09,,
gemini-exp-1114,1268,1272,1325,5.001,2024-11,2024-12,https://ai.google.dev/gemini-api/docs/deprecations
qwen2.5-coder-32b-instruct,1270,1303,1342,0.07,2024-10,,https://openrouter.ai/qwen/qwen-2.5-coder-32b-instruct
c4ai-aya-expanse-32b,1267,1271,1292,,2024-11,,
gemini-2.0-flash-lite-preview,1265,1317,1309,0.075,2025-01,2025-12-09,https://ai.google.dev/gemini-api/docs/deprecations
gemma-2-9b-it,1266,1257,1271,0.2,2024-06,,https://openrouter.ai/models/google/gemma-2-9b-it
command-r-plus,1261,1251,1271,3,2024-01,,
deepseek-coder-v2,1264,1288,1341,0.14,2024-07,,https://openrouter.ai/models/deepseek/deepseek-coder
qwen2-72b-instruct,1261,1272,1295,0.34,2024-06,,https://openrouter.ai/qwen/qwen-2-72b-instruct
claude-3-haiku-20240307,1260,1264,1299,0.25,2024-03,2026-04-20,https://docs.anthropic.com/en/docs/about-claude/model-deprecations
amazon-nova-lite-v1.0,1260,1271,1305,0.06,2024-11,,
gemini-1.5-flash-8b-001,1258,1259,1272,0.0375,2024-10,2025-09,https://ai.google.dev/gemini-api/docs/deprecations
phi-4,1256,1277,1306,0.065,2024-11,,https://openrouter.ai/microsoft/phi-4
olmo-2-0325-32b-instruct,1251,1261,1279,0.05,2025-05,,https://openrouter.ai/allenai/olmo-2-0325-32b-instruct
command-r-08-2024,1249,1255,1279,0.15,2024-08,,https://openrouter.ai/cohere/command-r-08-2024
mistral-large-2402,1241,1261,1293,8,2023-11,2025-06,https://docs.mistral.ai/getting-started/models/models_overview/
amazon-nova-micro-v1.0,1240,1244,1288,0.035,2024-11,,
yi-lightning-lite,1238,1235,1266,,2024-10,2025-07,
jamba-1.5-mini,1239,1236,1265,0.2,2024-08,,https://openrouter.ai/models/ai21/jamba-1-5-mini
ministral-8b-2410,1237,1250,1274,0.1,2024-10,2025-12,https://docs.mistral.ai/getting-started/models/models_overview/
qwen1.5-110b-chat,1233,1245,1278,1.62,2024-04,,https://openrouter.ai/models/qwen/qwen-110b-chat
reka-flash-21b-20240226-online,1232,1234,1276,,2024-02,,
qwen1.5-72b-chat,1232,1238,1273,0.81,2024-01,,https://openrouter.ai/models/qwen/qwen-72b-chat
gemini-pro-dev-api,1235,1230,1238,0.5,2024-01,2025-04,https://ai.google.dev/gemini-api/docs/pricing
hunyuan-standard-256k,1233,1270,1300,,2025-02,,
mixtral-8x22b-instruct-v0.1,1228,1242,1275,0.7,2024-05,,
command-r,1226,1213,1241,0.1,2023-12,,https://openrouter.ai/cohere/command-r-08-2024
reka-flash-21b-20240226,1226,1233,1265,,2024-02,,
mistral-medium,1222,1234,1260,2.7,2023-11,,
gpt-3.5-turbo-0125,1223,1227,1273,0.5,2024-01,2026-10-23,https://openrouter.ai/openai/gpt-3.5-turbo
c4ai-aya-expanse-8b,1223,1229,1255,,2024-11,,
llama-3-8b-instruct,1223,1218,1251,0.14,2024-04,,https://openrouter.ai/meta-llama/llama-3-8b-instruct
llama-3.1-tulu-3-8b,1220,1223,1253,,2025-01,,
gemini-pro,1221,1229,1247,0.5,2023-12,2025-04,https://ai.google.dev/gemini-api/docs/pricing
yi-1.5-34b-chat,1212,1224,1247,,2024-05,,
zephyr-orpo-141b-A35b-v0.1,1212,1214,1243,,2024-04,,
llama-3.1-8b-instruct,1211,1222,1259,0.06,2024-06,,https://openrouter.ai/models/meta-llama/llama-3.1-8b-instruct
granite-3.1-8b-instruct,1207,1230,1286,,2024-11,,
yi-large-preview,1206,1206,1245,3,2024-07,2025-01,https://openrouter.ai/01-ai/yi-large
qwen-plus-0828,1206,1209,1245,0.4,2024-08,2025-01,https://openrouter.ai/qwen/qwen-plus
qwen1.5-32b-chat,1203,1220,1260,0.72,2023-11,,https://openrouter.ai/models/qwen/qwen-32b-chat
reka-core-20240722,1204,1186,1208,,2024-07,2025-01,
deepseek-v2-api-0628,1202,1211,1241,0.14,2024-06,2025-01,
gpt-3.5-turbo-1106,1202,1226,1260,0.5,2023-11,2026-09-28,https://platform.openai.com/docs/deprecations/
phi-3-medium-4k-instruct,1197,1211,1229,,2024-05,,https://openrouter.ai/microsoft/phi-3-medium-4k-instruct
deepseek-coder-v2-0724,1197,1210,1266,0.14,2024-07,2025-01,
gemma-2-2b-it,1199,1185,1193,0.06,2024-06,,https://openrouter.ai/google/gemma-2-9b-it
mixtral-8x7b-instruct-v0.1,1196,1209,1237,0.3,2024-03,,
dbrx-instruct-preview,1194,1216,1249,,2024-03,,
yi-large,1194,1185,1219,3,2023-10,2025-01,https://openrouter.ai/models/01-ai/yi-large
internlm2_5-20b-chat,1190,1225,1247,,,,
qwen1.5-14b-chat,1190,1199,1238,0.27,2023-09,,https://openrouter.ai/models/qwen/qwen-14b-chat
wizardlm-70b,1184,1171,1191,,,,
yi-34b-chat,1183,1183,1204,0.72,2023-11,,https://openrouter.ai/models/01-ai/yi-34b-chat
deepseek-llm-67b-chat,1183,1174,1216,,,,
granite-3.0-8b-instruct,1181,1202,1238,,2024-11,,
openchat-3.5-0106,1181,1186,1227,0.13,2024-01,,
openchat-3.5,1181,1174,1200,0.13,2024-01,,
reka-flash-20240722,1180,1165,1186,,2024-07,2025-01,
granite-3.1-2b-instruct,1178,1218,1247,,2024-11,,
snowflake-arctic-instruct,1178,1185,1222,2.16,2023-12,,https://openrouter.ai/models/snowflake/snowflake-arctic-instruct
tulu-2-dpo-70b,1177,1186,1213,,,,
gemma-1.1-7b-it,1180,1192,1216,0.1,2024-04,,
reka-core-20240501,1177,1168,1189,,2024-05,2025-01,
openhermes-2.5-mistral-7b,1174,1179,1184,,,,
starling-lm-7b-beta,1171,1194,1233,,2024-03,,
vicuna-33b,1172,1163,1191,,,,
gemini-1.5-flash-8b-exp-0827,1172,1162,1189,,2024-08,2025-01,https://ai.google.dev/gemini-api/docs/deprecations
phi-3-small-8k-instruct,1170,1187,1203,,,,
qwen-max-0428,1171,1168,1189,1.6,2024-04,2025-01,https://openrouter.ai/qwen/qwen-max
llama-2-70b-chat,1170,1159,1177,0.64,2023-07,,
starling-lm-7b-alpha,1166,1167,1205,,,,
llama-3.2-3b-instruct,1166,1167,1175,0.051,2024-09,,https://openrouter.ai/meta-llama/llama-3.2-3b-instruct
nous-hermes-2-mixtral-8x7b-dpo,1164,1128,1174,,,,
glm-4-0116,1162,1165,1190,,2024-01,2025-07,
qwq-32b-preview,1155,1168,1173,,2024-11,,
claude-1,1158,1134,1135,8,2023-03,2024-11-06,
llama2-70b-steerlm-chat,1154,1144,1143,,2023-07,,
granite-3.0-2b-instruct,1155,1176,1207,,2024-11,,
solar-10.7b-instruct-v1.0,1151,1156,1181,,,,
reka-flash-preview-20240611,1151,1136,1155,,2024-08,2025-07,
dolphin-2.2.1-mistral-7b,1151,1154,1146,,,,
mistral-7b-instruct-v0.2,1148,1155,1184,0.06,2023-12,,
mpt-30b-chat,1149,1156,1166,,,,
mistral-next,1149,1147,1132,,,2025-07,
wizardlm-13b,1148,1113,1149,,,,
falcon-180b-chat,1146,1125,1152,,,,
claude-2.0,1145,1140,1134,8,2023-07,2025-07-21,https://docs.anthropic.com/en/docs/about-claude/model-deprecations
qwen1.5-7b-chat,1143,1149,1208,0.18,2023-09,,https://openrouter.ai/models/qwen/qwen-7b-chat
phi-3-mini-4k-instruct-june-2024,1142,1174,1195,,,,
llama-2-13b-chat,1140,1137,1160,0.1,2023-07,,
gpt-3.5-turbo-0314,1141,1138,1114,0.5,2023-03,2025-07,https://platform.openai.com/docs/deprecations/
vicuna-13b,1140,1130,1161,,,,
qwen-14b-chat,1137,1140,1195,,,,
gpt-3.5-turbo-0613,1136,1134,1134,1.0,2023-06,2024-09-13,https://openrouter.ai/openai/gpt-3.5-turbo-0613
codellama-34b-instruct,1135,1132,1157,,,,
palm-2,1137,1145,1151,,,,
claude-2.1,1134,1135,1131,8,2023-11,2025-07-21,https://docs.anthropic.com/en/docs/about-claude/model-deprecations
gemma-7b-it,1136,1153,1167,0.1,2024-04,,
zephyr-7b-beta,1130,1115,1150,,,,
phi-3-mini-128k-instruct,1128,1129,1152,,2024-05,,
phi-3-mini-4k-instruct,1127,1152,1185,,2024-05,,
zephyr-7b-alpha,1126,1121,1165,,,,
guanaco-33b,1126,1104,1111,,,,
claude-instant-1,1127,1123,1108,0.8,2023-03,2024-11-06,
stripedhyena-nous-7b,1120,1106,1125,,,,
codellama-70b-instruct,1118,1158,1162,,,,
smollm2-1.7b-instruct,1113,1149,1158,,2025-01,,
vicuna-7b,1114,1103,1129,,,,
llama-3.2-1b-instruct,1110,1113,1148,0.027,2024-09,,https://openrouter.ai/meta-llama/llama-3.2-1b-instruct
gemma-1.1-2b-it,1114,1137,1171,,2024-04,,
mistral-7b-instruct,1109,1113,1142,0.11,2023-09,,
llama-2-7b-chat,1107,1095,1101,0.56,2023-07,,
qwen1.5-4b-chat,1089,1093,1129,0.09,2023-09,,https://openrouter.ai/models/qwen/qwen-4b-chat
gemma-2b-it,1092,1111,1136,,,,
pplx-70b-online,1076,1029,1028,1,2024-02,2025-07,
olmo-7b-instruct,1073,1067,1105,,,,
koala-13b,1069,1033,1064,,,,
gpt4all-13b-snoozy,1065,1063,1054,,,,
alpaca-13b,1067,1007,997,,,,
mpt-7b-chat,1061,1031,1064,,,,
chatglm3-6b,1055,1059,1088,,,,
pplx-7b-online,1041,1017,1014,0.2,2024-02,2025-07,
RWKV-4-Raven-14B,1040,1015,1057,,,,
chatglm2-6b,1023,1027,1028,,,,
oasst-pythia-12b,1021,1021,1048,,,,
chatglm-6b,994,999,1033,,,,
fastchat-t5-3b,990,937,906,,,,
dolly-v2-12b,979,971,960,,,,
llama-13b,972,916,881,,,,
stablelm-tuned-alpha-7b,952,942,1002,,,,
kimi-k2-7-code,,,,0.75,2026-06,,https://openrouter.ai/moonshotai/kimi-k2.7-code
claude-fable-latest,,,,10,2026-06,,https://openrouter.ai/~anthropic/claude-fable-latest
claude-fable-5,1508,,,10,2026-06,,https://openrouter.ai/anthropic/claude-fable-5
nemotron-3-ultra-550b-a55b,,,,0.5,2026-06,,https://openrouter.ai/nvidia/nemotron-3-ultra-550b-a55b
qwen3-7-plus,,,,0.32,2026-06,,https://openrouter.ai/qwen/qwen3.7-plus
minimax-m3,1447,,,0.3,2026-06,,https://openrouter.ai/minimax/minimax-m3
step-3-7-flash,,,,0.2,2026-06,,https://openrouter.ai/stepfun/step-3.7-flash
claude-opus-4-8-fast,,,,10,2026-06,,https://openrouter.ai/anthropic/claude-opus-4.8-fast
claude-opus-4-8,1479,,,5,2026-06,,https://openrouter.ai/anthropic/claude-opus-4.8
qwen3-7-max,,,,1.25,2026-06,,https://openrouter.ai/qwen/qwen3.7-max
grok-build-0-1,,,,1,2026-06,,https://openrouter.ai/x-ai/grok-build-0.1
gemini-3-5-flash,,,,1.5,2026-06,,https://openrouter.ai/google/gemini-3.5-flash
claude-opus-4-7-fast,,,,30,2026-06,,https://openrouter.ai/anthropic/claude-opus-4.7-fast
perceptron-mk1,,,,0.15,2026-06,,https://openrouter.ai/perceptron/perceptron-mk1
ring-2-6-1t,,,,0.075,2026-06,,https://openrouter.ai/inclusionai/ring-2.6-1t
gemini-3-1-flash-lite,,,,0.25,2026-06,,https://openrouter.ai/google/gemini-3.1-flash-lite
gpt-chat-latest,,,,5,2026-06,,https://openrouter.ai/openai/gpt-chat-latest
grok-4-3,,,,1.25,2026-06,,https://openrouter.ai/x-ai/grok-4.3
granite-4-1-8b,,,,0.05,2026-06,,https://openrouter.ai/ibm-granite/granite-4.1-8b
mistral-medium-3-5,,,,1.5,2026-06,,https://openrouter.ai/mistralai/mistral-medium-3-5
claude-haiku-latest,,,,1,2026-06,,https://openrouter.ai/~anthropic/claude-haiku-latest
gpt-mini-latest,,,,0.75,2026-06,,https://openrouter.ai/~openai/gpt-mini-latest
gemini-pro-latest,,,,2,2026-06,,https://openrouter.ai/~google/gemini-pro-latest
kimi-latest,,,,0.68,2026-06,,https://openrouter.ai/~moonshotai/kimi-latest
gemini-flash-latest,,,,1.5,2026-06,,https://openrouter.ai/~google/gemini-flash-latest
claude-sonnet-latest,,,,3,2026-06,,https://openrouter.ai/~anthropic/claude-sonnet-latest
gpt-latest,,,,5,2026-06,,https://openrouter.ai/~openai/gpt-latest
qwen3-5-plus-20260420,,,,0.3,2026-06,,https://openrouter.ai/qwen/qwen3.5-plus-20260420
qwen3-6-flash,,,,0.188,2026-06,,https://openrouter.ai/qwen/qwen3.6-flash
qwen3-6-35b-a3b,,,,0.15,2026-06,,https://openrouter.ai/qwen/qwen3.6-35b-a3b
qwen3-6-max-preview,,,,1.04,2026-06,,https://openrouter.ai/qwen/qwen3.6-max-preview
qwen3-6-27b,,,,0.289,2026-06,,https://openrouter.ai/qwen/qwen3.6-27b
gpt-5-5-pro,,,,30,2026-06,,https://openrouter.ai/openai/gpt-5.5-pro
gpt-5-5,,,,5,2026-06,,https://openrouter.ai/openai/gpt-5.5
ling-2-6-1t,,,,0.075,2026-06,,https://openrouter.ai/inclusionai/ling-2.6-1t
hy3-preview,,,,0.063,2026-06,,https://openrouter.ai/tencent/hy3-preview
mimo-v2-5-pro,,,,0.435,2026-06,,https://openrouter.ai/xiaomi/mimo-v2.5-pro
mimo-v2-5,,,,0.14,2026-06,,https://openrouter.ai/xiaomi/mimo-v2.5
gpt-5-4-image-2,,,,8,2026-06,,https://openrouter.ai/openai/gpt-5.4-image-2
ling-2-6-flash,,,,0.01,2026-06,,https://openrouter.ai/inclusionai/ling-2.6-flash
claude-opus-latest,,,,5,2026-06,,https://openrouter.ai/~anthropic/claude-opus-latest
kimi-k2-6,,,,0.68,2026-06,,https://openrouter.ai/moonshotai/kimi-k2.6
claude-opus-4-6-fast,,,,30,2026-06,,https://openrouter.ai/anthropic/claude-opus-4.6-fast
glm-5-1,,,,0.98,2026-06,,https://openrouter.ai/z-ai/glm-5.1
gemma-4-26b-a4b-it,,,,0.1,2026-06,,https://openrouter.ai/google/gemma-4-26b-a4b-it
gemma-4-31b-it,,,,0.1,2026-06,,https://openrouter.ai/google/gemma-4-31b-it
qwen3-6-plus,,,,0.325,2026-06,,https://openrouter.ai/qwen/qwen3.6-plus
grok-4-20-multi-agent,,,,1.25,2026-06,,https://openrouter.ai/x-ai/grok-4.20-multi-agent
grok-4-20,,,,1.25,2026-06,,https://openrouter.ai/x-ai/grok-4.20
lyria-3-pro-preview,,,,0.0,2026-06,,https://openrouter.ai/google/lyria-3-pro-preview
lyria-3-clip-preview,,,,0.0,2026-06,,https://openrouter.ai/google/lyria-3-clip-preview
kat-coder-pro-v2,,,,0.3,2026-06,,https://openrouter.ai/kwaipilot/kat-coder-pro-v2
reka-edge,,,,0.1,2026-06,,https://openrouter.ai/rekaai/reka-edge
minimax-m2-7,,,,0.25,2026-06,,https://openrouter.ai/minimax/minimax-m2.7
gpt-5-4-nano,,,,0.2,2026-06,,https://openrouter.ai/openai/gpt-5.4-nano
gpt-5-4-mini,,,,0.75,2026-06,,https://openrouter.ai/openai/gpt-5.4-mini
mistral-small-2603,,,,0.1,2026-06,,https://openrouter.ai/mistralai/mistral-small-2603
glm-5-turbo,,,,1.2,2026-06,,https://openrouter.ai/z-ai/glm-5-turbo
nemotron-3-super-120b-a12b,,,,0.09,2026-06,,https://openrouter.ai/nvidia/nemotron-3-super-120b-a12b
seed-2-0-lite,,,,0.25,2026-06,,https://openrouter.ai/bytedance-seed/seed-2.0-lite
qwen3-5-9b,,,,0.1,2026-06,,https://openrouter.ai/qwen/qwen3.5-9b
gpt-5-4-pro,,,,30,2026-06,,https://openrouter.ai/openai/gpt-5.4-pro
gpt-5-4,,,,2.5,2026-06,,https://openrouter.ai/openai/gpt-5.4
gpt-5-3-chat,,,,1.75,2026-06,,https://openrouter.ai/openai/gpt-5.3-chat
gemini-3-1-flash-lite-preview,,,,0.25,2026-06,,https://openrouter.ai/google/gemini-3.1-flash-lite-preview
seed-2-0-mini,,,,0.1,2026-06,,https://openrouter.ai/bytedance-seed/seed-2.0-mini
gemini-3-1-flash-image-preview,,,,0.5,2026-06,,https://openrouter.ai/google/gemini-3.1-flash-image-preview
qwen3-5-35b-a3b,,,,0.14,2026-06,,https://openrouter.ai/qwen/qwen3.5-35b-a3b
qwen3-5-27b,,,,0.195,2026-06,,https://openrouter.ai/qwen/qwen3.5-27b
qwen3-5-122b-a10b,,,,0.26,2026-06,,https://openrouter.ai/qwen/qwen3.5-122b-a10b
qwen3-5-flash-02-23,,,,0.065,2026-06,,https://openrouter.ai/qwen/qwen3.5-flash-02-23
lfm-2-24b-a2b,,,,0.03,2026-06,,https://openrouter.ai/liquid/lfm-2-24b-a2b
gemini-3-1-pro-preview-customtools,,,,2,2026-06,,https://openrouter.ai/google/gemini-3.1-pro-preview-customtools
gpt-5-3-codex,,,,1.75,2026-06,,https://openrouter.ai/openai/gpt-5.3-codex
aion-2-0,,,,0.8,2026-06,,https://openrouter.ai/aion-labs/aion-2.0
gemini-3-1-pro-preview,,,,2,2026-06,,https://openrouter.ai/google/gemini-3.1-pro-preview
qwen3-5-plus-02-15,,,,0.26,2026-06,,https://openrouter.ai/qwen/qwen3.5-plus-02-15
qwen3-5-397b-a17b,,,,0.39,2026-06,,https://openrouter.ai/qwen/qwen3.5-397b-a17b
minimax-m2-5,,,,0.15,2026-06,,https://openrouter.ai/minimax/minimax-m2.5
qwen3-max-thinking,,,,0.8,2026-06,,https://openrouter.ai/qwen/qwen3-max-thinking
qwen3-coder-next,,,,0.1,2026-06,,https://openrouter.ai/qwen/qwen3-coder-next
step-3-5-flash,,,,0.09,2026-06,,https://openrouter.ai/stepfun/step-3.5-flash
kimi-k2-5,,,,0.375,2026-06,,https://openrouter.ai/moonshotai/kimi-k2.5
solar-pro-3,,,,0.15,2026-06,,https://openrouter.ai/upstage/solar-pro-3
minimax-m2-her,,,,0.3,2026-06,,https://openrouter.ai/minimax/minimax-m2-her
palmyra-x5,,,,0.6,2026-06,,https://openrouter.ai/writer/palmyra-x5
gpt-audio,,,,2.5,2026-06,,https://openrouter.ai/openai/gpt-audio
gpt-audio-mini,,,,0.6,2026-06,,https://openrouter.ai/openai/gpt-audio-mini
glm-4-7-flash,,,,0.06,2026-06,,https://openrouter.ai/z-ai/glm-4.7-flash
gpt-5-2-codex,,,,1.75,2026-06,,https://openrouter.ai/openai/gpt-5.2-codex
seed-1-6-flash,,,,0.075,2026-06,,https://openrouter.ai/bytedance-seed/seed-1.6-flash
seed-1-6,,,,0.25,2026-06,,https://openrouter.ai/bytedance-seed/seed-1.6
minimax-m2-1,,,,0.29,2026-06,,https://openrouter.ai/minimax/minimax-m2.1
glm-4-7,,,,0.4,2026-06,,https://openrouter.ai/z-ai/glm-4.7
gemini-3-flash-preview,,,,0.5,2026-06,,https://openrouter.ai/google/gemini-3-flash-preview
mimo-v2-flash,,,,0.1,2026-06,,https://openrouter.ai/xiaomi/mimo-v2-flash
nemotron-3-nano-30b-a3b,,,,0.05,2026-06,,https://openrouter.ai/nvidia/nemotron-3-nano-30b-a3b
gpt-5-2-chat,,,,1.75,2026-06,,https://openrouter.ai/openai/gpt-5.2-chat
gpt-5-2-pro,,,,21,2026-06,,https://openrouter.ai/openai/gpt-5.2-pro
gpt-5-2,,,,1.75,2026-06,,https://openrouter.ai/openai/gpt-5.2
devstral-2512,,,,0.4,2026-06,,https://openrouter.ai/mistralai/devstral-2512
relace-search,,,,1,2026-06,,https://openrouter.ai/relace/relace-search
glm-4-6v,,,,0.3,2026-06,,https://openrouter.ai/z-ai/glm-4.6v
rnj-1-instruct,,,,0.15,2026-06,,https://openrouter.ai/essentialai/rnj-1-instruct
gpt-5-1-codex-max,,,,1.25,2026-06,,https://openrouter.ai/openai/gpt-5.1-codex-max
nova-2-lite-v1,,,,0.3,2026-06,,https://openrouter.ai/amazon/nova-2-lite-v1
ministral-14b-2512,,,,0.2,2026-06,,https://openrouter.ai/mistralai/ministral-14b-2512
ministral-8b-2512,,,,0.1,2026-06,,https://openrouter.ai/mistralai/ministral-8b-2512
ministral-3b-2512,,,,0.1,2026-06,,https://openrouter.ai/mistralai/ministral-3b-2512
mistral-large-2512,,,,0.5,2026-06,,https://openrouter.ai/mistralai/mistral-large-2512
trinity-mini,,,,0.045,2026-06,,https://openrouter.ai/arcee-ai/trinity-mini
deepseek-v3-2,,,,0.229,2026-06,,https://openrouter.ai/deepseek/deepseek-v3.2
claude-opus-4-5,,,,5,2026-06,,https://openrouter.ai/anthropic/claude-opus-4.5
gemini-3-pro-image-preview,,,,2,2026-06,,https://openrouter.ai/google/gemini-3-pro-image-preview
cogito-v2-1-671b,,,,1.25,2026-06,,https://openrouter.ai/deepcogito/cogito-v2.1-671b
gpt-5-1,,,,1.25,2026-06,,https://openrouter.ai/openai/gpt-5.1
gpt-5-1-chat,,,,1.25,2026-06,,https://openrouter.ai/openai/gpt-5.1-chat
gpt-5-1-codex,,,,1.25,2026-06,,https://openrouter.ai/openai/gpt-5.1-codex
gpt-5-1-codex-mini,,,,0.25,2026-06,,https://openrouter.ai/openai/gpt-5.1-codex-mini
kimi-k2-thinking,,,,0.6,2026-06,,https://openrouter.ai/moonshotai/kimi-k2-thinking
nova-premier-v1,,,,2.5,2026-06,,https://openrouter.ai/amazon/nova-premier-v1
sonar-pro-search,,,,3,2026-06,,https://openrouter.ai/perplexity/sonar-pro-search
voxtral-small-24b-2507,,,,0.1,2026-06,,https://openrouter.ai/mistralai/voxtral-small-24b-2507
gpt-oss-safeguard-20b,,,,0.1,2026-06,,https://openrouter.ai/openai/gpt-oss-safeguard-20b
qwen3-vl-32b-instruct,,,,0.1,2026-06,,https://openrouter.ai/qwen/qwen3-vl-32b-instruct
granite-4-0-h-micro,,,,0.017,2026-06,,https://openrouter.ai/ibm-granite/granite-4.0-h-micro
phi-4-mini-instruct,,,,0.08,2026-06,,https://openrouter.ai/microsoft/phi-4-mini-instruct
gpt-5-image-mini,,,,2.5,2026-06,,https://openrouter.ai/openai/gpt-5-image-mini
claude-haiku-4-5,,,,1,2026-06,,https://openrouter.ai/anthropic/claude-haiku-4.5
qwen3-vl-8b-thinking,,,,0.1,2026-06,,https://openrouter.ai/qwen/qwen3-vl-8b-thinking
qwen3-vl-8b-instruct,,,,0.1,2026-06,,https://openrouter.ai/qwen/qwen3-vl-8b-instruct
gpt-5-image,,,,10,2026-06,,https://openrouter.ai/openai/gpt-5-image
o3-deep-research,,,,10,2026-06,,https://openrouter.ai/openai/o3-deep-research
o4-mini-deep-research,,,,2,2026-06,,https://openrouter.ai/openai/o4-mini-deep-research
llama-3-3-nemotron-super-49b-v1-5,,,,0.4,2026-06,,https://openrouter.ai/nvidia/llama-3.3-nemotron-super-49b-v1.5
gemini-2-5-flash-image,,,,0.3,2026-06,,https://openrouter.ai/google/gemini-2.5-flash-image
qwen3-vl-30b-a3b-thinking,,,,0.1,2026-06,,https://openrouter.ai/qwen/qwen3-vl-30b-a3b-thinking
qwen3-vl-30b-a3b-instruct,,,,0.1,2026-06,,https://openrouter.ai/qwen/qwen3-vl-30b-a3b-instruct
gpt-5-pro,,,,15,2026-06,,https://openrouter.ai/openai/gpt-5-pro
glm-4-6,,,,0.43,2026-06,,https://openrouter.ai/z-ai/glm-4.6
claude-sonnet-4-5,,,,3,2026-06,,https://openrouter.ai/anthropic/claude-sonnet-4.5
deepseek-v3-2-exp,,,,0.27,2026-06,,https://openrouter.ai/deepseek/deepseek-v3.2-exp
cydonia-24b-v4-1,,,,0.3,2026-06,,https://openrouter.ai/thedrummer/cydonia-24b-v4.1
relace-apply-3,,,,0.85,2026-06,,https://openrouter.ai/relace/relace-apply-3
gemini-2-5-flash-lite-preview-09-2025,,,,0.1,2026-06,,https://openrouter.ai/google/gemini-2.5-flash-lite-preview-09-2025
qwen3-max,,,,0.8,2026-06,,https://openrouter.ai/qwen/qwen3-max
qwen3-coder-plus,,,,0.7,2026-06,,https://openrouter.ai/qwen/qwen3-coder-plus
gpt-5-codex,,,,1.2,2026-06,,https://openrouter.ai/openai/gpt-5-codex
deepseek-v3-1-terminus,,,,0.27,2026-06,,https://openrouter.ai/deepseek/deepseek-v3.1-terminus
qwen3-coder-flash,,,,0.2,2026-06,,https://openrouter.ai/qwen/qwen3-coder-flash
qwen-plus-2025-07-28,,,,0.3,2026-06,,https://openrouter.ai/qwen/qwen-plus-2025-07-28
kimi-k2-0905,,,,0.6,2026-06,,https://openrouter.ai/moonshotai/kimi-k2-0905
qwen3-30b-a3b-thinking-2507,,,,0.1,2026-06,,https://openrouter.ai/qwen/qwen3-30b-a3b-thinking-2507
hermes-4-70b,,,,0.13,2026-06,,https://openrouter.ai/nousresearch/hermes-4-70b
hermes-4-405b,,,,1,2026-06,,https://openrouter.ai/nousresearch/hermes-4-405b
deepseek-chat-v3-1,,,,0.21,2026-06,,https://openrouter.ai/deepseek/deepseek-chat-v3.1
mistral-medium-3-1,,,,0.4,2026-06,,https://openrouter.ai/mistralai/mistral-medium-3.1
glm-4-5v,,,,0.6,2026-06,,https://openrouter.ai/z-ai/glm-4.5v
jamba-large-1-7,,,,2,2026-06,,https://openrouter.ai/ai21/jamba-large-1.7
gpt-5,,,,1.2,2026-06,,https://openrouter.ai/openai/gpt-5
gpt-5-mini,,,,0.2,2026-06,,https://openrouter.ai/openai/gpt-5-mini
gpt-5-nano,,,,0.0,2026-06,,https://openrouter.ai/openai/gpt-5-nano
claude-opus-4-1,,,,15,2026-06,,https://openrouter.ai/anthropic/claude-opus-4.1
codestral-2508,,,,0.3,2026-06,,https://openrouter.ai/mistralai/codestral-2508
qwen3-coder-30b-a3b-instruct,,,,0.1,2026-06,,https://openrouter.ai/qwen/qwen3-coder-30b-a3b-instruct
glm-4-5,,,,0.6,2026-06,,https://openrouter.ai/z-ai/glm-4.5
glm-4-5-air,,,,0.125,2026-06,,https://openrouter.ai/z-ai/glm-4.5-air
qwen3-coder,,,,0.2,2026-06,,https://openrouter.ai/qwen/qwen3-coder
ui-tars-1-5-7b,,,,0.1,2026-06,,https://openrouter.ai/bytedance/ui-tars-1.5-7b
gemini-2-5-flash-lite,,,,0.1,2026-06,,https://openrouter.ai/google/gemini-2.5-flash-lite
qwen3-235b-a22b-2507,,,,0.1,2026-06,,https://openrouter.ai/qwen/qwen3-235b-a22b-2507
router,,,,0.85,2026-06,,https://openrouter.ai/switchpoint/router
kimi-k2,,,,0.57,2026-06,,https://openrouter.ai/moonshotai/kimi-k2
hunyuan-a13b-instruct,,,,0.14,2026-06,,https://openrouter.ai/tencent/hunyuan-a13b-instruct
morph-v3-large,,,,0.9,2026-06,,https://openrouter.ai/morph/morph-v3-large
morph-v3-fast,,,,0.8,2026-06,,https://openrouter.ai/morph/morph-v3-fast
ernie-4-5-vl-424b-a47b,,,,0.42,2026-06,,https://openrouter.ai/baidu/ernie-4.5-vl-424b-a47b
mistral-small-3-2-24b-instruct,,,,0.075,2026-06,,https://openrouter.ai/mistralai/mistral-small-3.2-24b-instruct
gemini-2-5-flash,,,,0.3,2026-06,,https://openrouter.ai/google/gemini-2.5-flash
gemini-2-5-pro-exp-03-25,,,,1.25,2026-06,,https://openrouter.ai/google/gemini-2.5-pro
o3-pro,,,,20,2026-06,,https://openrouter.ai/openai/o3-pro
gemini-2-5-pro-preview,,,,1.25,2026-06,,https://openrouter.ai/google/gemini-2.5-pro-preview
claude-opus-4,,,,15,2026-06,,https://openrouter.ai/anthropic/claude-opus-4
claude-sonnet-4,,,,3,2026-06,,https://openrouter.ai/anthropic/claude-sonnet-4
mistral-medium-3,,,,0.4,2026-06,,https://openrouter.ai/mistralai/mistral-medium-3
gemini-2-5-pro-preview-05-06,,,,1.25,2026-06,,https://openrouter.ai/google/gemini-2.5-pro-preview-05-06
virtuoso-large,,,,0.75,2026-06,,https://openrouter.ai/arcee-ai/virtuoso-large
coder-large,,,,0.5,2026-06,,https://openrouter.ai/arcee-ai/coder-large
llama-guard-4-12b,,,,0.18,2026-06,,https://openrouter.ai/meta-llama/llama-guard-4-12b
qwen3-8b,,,,0.0,2026-06,,https://openrouter.ai/qwen/qwen3-8b
qwen3-14b,,,,0.1,2026-06,,https://openrouter.ai/qwen/qwen3-14b
o4-mini-high,,,,1.1,2026-06,,https://openrouter.ai/openai/o4-mini-high
o3,,,,2,2026-06,,https://openrouter.ai/openai/o3
o4-mini,,,,1.1,2026-06,,https://openrouter.ai/openai/o4-mini
gpt-4-1,,,,2,2026-06,,https://openrouter.ai/openai/gpt-4.1
gpt-4-1-mini,,,,0.4,2026-06,,https://openrouter.ai/openai/gpt-4.1-mini
gpt-4-1-nano,,,,0.1,2026-06,,https://openrouter.ai/openai/gpt-4.1-nano
llama-4-maverick,,,,0.15,2026-06,,https://openrouter.ai/meta-llama/llama-4-maverick
llama-4-scout,,,,0.1,2026-06,,https://openrouter.ai/meta-llama/llama-4-scout
deepseek-chat-v3-0324,,,,0.2,2026-06,,https://openrouter.ai/deepseek/deepseek-chat-v3-0324
o1-pro,,,,150,2026-06,,https://openrouter.ai/openai/o1-pro
mistral-small-3-1-24b-instruct,,,,0.351,2026-06,,https://openrouter.ai/mistralai/mistral-small-3.1-24b-instruct
command-a,,,,2.5,2026-06,,https://openrouter.ai/cohere/command-a
gpt-4o-mini-search-preview,,,,0.1,2026-06,,https://openrouter.ai/openai/gpt-4o-mini-search-preview
gpt-4o-search-preview,,,,2.5,2026-06,,https://openrouter.ai/openai/gpt-4o-search-preview
reka-flash-3,,,,0.1,2026-06,,https://openrouter.ai/rekaai/reka-flash-3
skyfall-36b-v2,,,,0.55,2026-06,,https://openrouter.ai/thedrummer/skyfall-36b-v2
sonar-reasoning-pro,,,,2,2026-06,,https://openrouter.ai/perplexity/sonar-reasoning-pro
sonar-pro,,,,3,2026-06,,https://openrouter.ai/perplexity/sonar-pro
sonar-deep-research,,,,2,2026-06,,https://openrouter.ai/perplexity/sonar-deep-research
mistral-saba,,,,0.2,2026-06,,https://openrouter.ai/mistralai/mistral-saba
aion-1-0,,,,4,2026-06,,https://openrouter.ai/aion-labs/aion-1.0
aion-1-0-mini,,,,0.7,2026-06,,https://openrouter.ai/aion-labs/aion-1.0-mini
aion-rp-llama-3-1-8b,,,,0.8,2026-06,,https://openrouter.ai/aion-labs/aion-rp-llama-3.1-8b
qwen2-5-vl-72b-instruct,,,,0.8,2026-06,,https://openrouter.ai/qwen/qwen2.5-vl-72b-instruct
qwen-plus,,,,0.3,2026-06,,https://openrouter.ai/qwen/qwen-plus
o3-mini-2025-01-31,,,,1.1,2026-06,,https://openrouter.ai/openai/o3-mini
deepseek-r1-distill-qwen-32b,,,,0.3,2026-06,,https://openrouter.ai/deepseek/deepseek-r1-distill-qwen-32b
sonar,,,,1,2026-06,,https://openrouter.ai/perplexity/sonar
deepseek-r1-distill-llama-70b,,,,0.8,2026-06,,https://openrouter.ai/deepseek/deepseek-r1-distill-llama-70b
minimax-01,,,,0.2,2026-06,,https://openrouter.ai/minimax/minimax-01
l3-1-70b-hanami-x1,,,,3,2026-06,,https://openrouter.ai/sao10k/l3.1-70b-hanami-x1
deepseek-chat,,,,0.2,2026-06,,https://openrouter.ai/deepseek/deepseek-chat
l3-3-euryale-70b,,,,0.65,2026-06,,https://openrouter.ai/sao10k/l3.3-euryale-70b
command-r7b-12-2024,,,,0.037,2026-06,,https://openrouter.ai/cohere/command-r7b-12-2024
llama-3-3-70b-instruct,,,,0.1,2026-06,,https://openrouter.ai/meta-llama/llama-3.3-70b-instruct
nova-lite-v1,,,,0.06,2026-06,,https://openrouter.ai/amazon/nova-lite-v1
nova-micro-v1,,,,0.035,2026-06,,https://openrouter.ai/amazon/nova-micro-v1
nova-pro-v1,,,,0.8,2026-06,,https://openrouter.ai/amazon/nova-pro-v1
gpt-4o-2024-11-20,,,,2.5,2026-06,,https://openrouter.ai/openai/gpt-4o-2024-11-20
qwen-2-5-coder-32b-instruct,,,,0.66,2026-06,,https://openrouter.ai/qwen/qwen-2.5-coder-32b-instruct
unslopnemo-12b,,,,0.4,2026-06,,https://openrouter.ai/thedrummer/unslopnemo-12b
claude-3-5-haiku,,,,0.8,2026-06,,https://openrouter.ai/anthropic/claude-3.5-haiku
magnum-v4-72b,,,,3,2026-06,,https://openrouter.ai/anthracite-org/magnum-v4-72b
qwen-2-5-7b-instruct,,,,0.04,2026-06,,https://openrouter.ai/qwen/qwen-2.5-7b-instruct
inflection-3-productivity,,,,2.5,2026-06,,https://openrouter.ai/inflection/inflection-3-productivity
inflection-3-pi,,,,2.5,2026-06,,https://openrouter.ai/inflection/inflection-3-pi
rocinante-12b,,,,0.17,2026-06,,https://openrouter.ai/thedrummer/rocinante-12b
llama-3-2-3b-instruct,,,,0.051,2026-06,,https://openrouter.ai/meta-llama/llama-3.2-3b-instruct
llama-3-2-1b-instruct,,,,0.027,2026-06,,https://openrouter.ai/meta-llama/llama-3.2-1b-instruct
llama-3-2-11b-vision-instruct,,,,0.345,2026-06,,https://openrouter.ai/meta-llama/llama-3.2-11b-vision-instruct
qwen-2-5-72b-instruct,,,,0.36,2026-06,,https://openrouter.ai/qwen/qwen-2.5-72b-instruct
l3-1-euryale-70b,,,,0.85,2026-06,,https://openrouter.ai/sao10k/l3.1-euryale-70b
hermes-3-llama-3-1-70b,,,,0.7,2026-06,,https://openrouter.ai/nousresearch/hermes-3-llama-3.1-70b
hermes-3-llama-3-1-405b,,,,1,2026-06,,https://openrouter.ai/nousresearch/hermes-3-llama-3.1-405b
l3-lunaris-8b,,,,0.04,2026-06,,https://openrouter.ai/sao10k/l3-lunaris-8b
llama-3-1-8b-instruct,,,,0.02,2026-06,,https://openrouter.ai/meta-llama/llama-3.1-8b-instruct
llama-3-1-70b-instruct,,,,0.4,2026-06,,https://openrouter.ai/meta-llama/llama-3.1-70b-instruct
mistral-nemo,,,,0.0,2026-06,,https://openrouter.ai/mistralai/mistral-nemo
mixtral-8x22b-instruct,,,,2,2026-06,,https://openrouter.ai/mistralai/mixtral-8x22b-instruct
wizardlm-2-8x22b,,,,0.62,2026-06,,https://openrouter.ai/microsoft/wizardlm-2-8x22b
claude-3-haiku,,,,0.2,2026-06,,https://openrouter.ai/anthropic/claude-3-haiku
mistral-large,,,,2,2026-06,,https://openrouter.ai/mistralai/mistral-large
gpt-4-turbo-preview,,,,10,2026-06,,https://openrouter.ai/openai/gpt-4-turbo-preview
gpt-3-5-turbo-0613,,,,1,2026-06,,https://openrouter.ai/openai/gpt-3.5-turbo-0613
gpt-3-5-turbo-instruct,,,,1.5,2026-06,,https://openrouter.ai/openai/gpt-3.5-turbo-instruct
gpt-3-5-turbo-16k,,,,3,2026-06,,https://openrouter.ai/openai/gpt-3.5-turbo-16k
weaver,,,,0.75,2026-06,,https://openrouter.ai/mancer/weaver
remm-slerp-l2-13b,,,,0.45,2026-06,,https://openrouter.ai/undi95/remm-slerp-l2-13b
mythomax-l2-13b,,,,0.06,2026-06,,https://openrouter.ai/gryphe/mythomax-l2-13b
gpt-4,,,,30,2026-06,,https://openrouter.ai/openai/gpt-4
gpt-3-5-turbo,,,,0.5,2026-06,,https://openrouter.ai/openai/gpt-3.5-turbo
claude-opus-4-8-thinking,1484,,,,,,
mimo-v2-omni,1431,,,,,,
mistral-medium-3.5,1427,,,,,,
nvidia-nemotron-3-ultra-550b-a55b-nvfp4,1420,,,,,,
moonshotai-kimi-k2.7-code,,,,0.7,2026-06,,https://openrouter.ai/moonshotai/kimi-k2.7-code
~anthropic-claude-fable-latest,,,,10.0,2026-06,,https://openrouter.ai/~anthropic/claude-fable-latest
nvidia-nemotron-3-ultra-550b-a55b,,,,0.5,2026-06,,https://openrouter.ai/nvidia/nemotron-3-ultra-550b-a55b
qwen3.7-plus,1464,,,0.3,2026-06,,https://openrouter.ai/qwen/qwen3.7-plus
minimax-minimax-m3,,,,0.3,2026-05,,https://openrouter.ai/minimax/minimax-m3
stepfun-step-3.7-flash,,,,0.2,2026-05,,https://openrouter.ai/stepfun/step-3.7-flash
claude-opus-4.8-fast,,,,10.0,2026-05,,https://openrouter.ai/anthropic/claude-opus-4.8-fast
claude-opus-4.8,,,,5.0,2026-05,,https://openrouter.ai/anthropic/claude-opus-4.8
qwen3.7-max,,,,1.2,2026-05,,https://openrouter.ai/qwen/qwen3.7-max
x-ai-grok-build-0.1,,,,1.0,2026-05,,https://openrouter.ai/x-ai/grok-build-0.1
claude-opus-4.7-fast,,,,30.0,2026-05,,https://openrouter.ai/anthropic/claude-opus-4.7-fast
perceptron-perceptron-mk1,,,,0.1,2026-05,,https://openrouter.ai/perceptron/perceptron-mk1
inclusionai-ring-2.6-1t,,,,0.1,2026-05,,https://openrouter.ai/inclusionai/ring-2.6-1t
gemini-3.1-flash-lite,,,,0.2,2026-05,,https://openrouter.ai/google/gemini-3.1-flash-lite
x-ai-grok-4.3,,,,1.2,2026-04,,https://openrouter.ai/x-ai/grok-4.3
ibm-granite-granite-4.1-8b,,,,0.0,2026-04,,https://openrouter.ai/ibm-granite/granite-4.1-8b
~anthropic-claude-haiku-latest,,,,1.0,2026-04,,https://openrouter.ai/~anthropic/claude-haiku-latest
~openai-gpt-mini-latest,,,,0.8,2026-04,,https://openrouter.ai/~openai/gpt-mini-latest
~google-gemini-pro-latest,,,,2.0,2026-04,,https://openrouter.ai/~google/gemini-pro-latest
~moonshotai-kimi-latest,,,,0.7,2026-04,,https://openrouter.ai/~moonshotai/kimi-latest
~google-gemini-flash-latest,,,,1.5,2026-04,,https://openrouter.ai/~google/gemini-flash-latest
~anthropic-claude-sonnet-latest,,,,3.0,2026-04,,https://openrouter.ai/~anthropic/claude-sonnet-latest
~openai-gpt-latest,,,,5.0,2026-04,,https://openrouter.ai/~openai/gpt-latest
qwen3.5-plus-20260420,,,,0.3,2026-04,,https://openrouter.ai/qwen/qwen3.5-plus-20260420
qwen3.6-flash,,,,0.2,2026-04,,https://openrouter.ai/qwen/qwen3.6-flash
qwen3.6-35b-a3b,,,,0.1,2026-04,,https://openrouter.ai/qwen/qwen3.6-35b-a3b
qwen3.6-27b,,,,0.3,2026-04,,https://openrouter.ai/qwen/qwen3.6-27b
gpt-5.5-pro,,,,30.0,2026-04,,https://openrouter.ai/openai/gpt-5.5-pro
inclusionai-ling-2.6-1t,,,,0.1,2026-04,,https://openrouter.ai/inclusionai/ling-2.6-1t
tencent-hy3-preview,,,,0.1,2026-04,,https://openrouter.ai/tencent/hy3-preview
xiaomi-mimo-v2.5-pro,,,,0.4,2026-04,,https://openrouter.ai/xiaomi/mimo-v2.5-pro
xiaomi-mimo-v2.5,,,,0.1,2026-04,,https://openrouter.ai/xiaomi/mimo-v2.5
gpt-5.4-image-2,,,,8.0,2026-04,,https://openrouter.ai/openai/gpt-5.4-image-2
inclusionai-ling-2.6-flash,,,,0.0,2026-04,,https://openrouter.ai/inclusionai/ling-2.6-flash
~anthropic-claude-opus-latest,,,,5.0,2026-04,,https://openrouter.ai/~anthropic/claude-opus-latest
moonshotai-kimi-k2.6,,,,0.7,2026-04,,https://openrouter.ai/moonshotai/kimi-k2.6
claude-opus-4.7,,,,5.0,2026-04,,https://openrouter.ai/anthropic/claude-opus-4.7
claude-opus-4.6-fast,,,,30.0,2026-04,,https://openrouter.ai/anthropic/claude-opus-4.6-fast
z-ai-glm-5.1,,,,1.0,2026-04,,https://openrouter.ai/z-ai/glm-5.1
arcee-ai-trinity-large-thinking,,,,0.2,2026-04,,https://openrouter.ai/arcee-ai/trinity-large-thinking
x-ai-grok-4.20-multi-agent,,,,1.2,2026-03,,https://openrouter.ai/x-ai/grok-4.20-multi-agent
x-ai-grok-4.20,,,,1.2,2026-03,,https://openrouter.ai/x-ai/grok-4.20
kwaipilot-kat-coder-pro-v2,,,,0.3,2026-03,,https://openrouter.ai/kwaipilot/kat-coder-pro-v2
rekaai-reka-edge,,,,0.1,2026-03,,https://openrouter.ai/rekaai/reka-edge
minimax-minimax-m2.7,,,,0.2,2026-03,,https://openrouter.ai/minimax/minimax-m2.7
gpt-5.4-nano,,,,0.2,2026-03,,https://openrouter.ai/openai/gpt-5.4-nano
gpt-5.4-mini,,,,0.8,2026-03,,https://openrouter.ai/openai/gpt-5.4-mini
z-ai-glm-5-turbo,,,,1.2,2026-03,,https://openrouter.ai/z-ai/glm-5-turbo
bytedance-seed-seed-2.0-lite,,,,0.2,2026-03,,https://openrouter.ai/bytedance-seed/seed-2.0-lite
qwen3.5-9b,,,,0.1,2026-03,,https://openrouter.ai/qwen/qwen3.5-9b
gpt-5.4-pro,,,,30.0,2026-03,,https://openrouter.ai/openai/gpt-5.4-pro
inception-mercury-2,,,,0.2,2026-03,,https://openrouter.ai/inception/mercury-2
gpt-5.3-chat,,,,1.8,2026-03,,https://openrouter.ai/openai/gpt-5.3-chat
bytedance-seed-seed-2.0-mini,,,,0.1,2026-02,,https://openrouter.ai/bytedance-seed/seed-2.0-mini
gemini-3.1-flash-image-preview,,,,0.5,2026-02,,https://openrouter.ai/google/gemini-3.1-flash-image-preview
qwen3.5-flash-02-23,,,,0.1,2026-02,,https://openrouter.ai/qwen/qwen3.5-flash-02-23
liquid-lfm-2-24b-a2b,,,,0.0,2026-02,,https://openrouter.ai/liquid/lfm-2-24b-a2b
gemini-3.1-pro-preview-customtools,,,,2.0,2026-02,,https://openrouter.ai/google/gemini-3.1-pro-preview-customtools
gpt-5.3-codex,,,,1.8,2026-02,,https://openrouter.ai/openai/gpt-5.3-codex
aion-labs-aion-2.0,,,,0.8,2026-02,,https://openrouter.ai/aion-labs/aion-2.0
claude-sonnet-4.6,,,,3.0,2026-02,,https://openrouter.ai/anthropic/claude-sonnet-4.6
qwen3.5-plus-02-15,,,,0.3,2026-02,,https://openrouter.ai/qwen/qwen3.5-plus-02-15
minimax-minimax-m2.5,,,,0.1,2026-02,,https://openrouter.ai/minimax/minimax-m2.5
z-ai-glm-5,,,,0.6,2026-02,,https://openrouter.ai/z-ai/glm-5
claude-opus-4.6,,,,5.0,2026-02,,https://openrouter.ai/anthropic/claude-opus-4.6
stepfun-step-3.5-flash,,,,0.1,2026-01,,https://openrouter.ai/stepfun/step-3.5-flash
moonshotai-kimi-k2.5,,,,0.4,2026-01,,https://openrouter.ai/moonshotai/kimi-k2.5
upstage-solar-pro-3,,,,0.1,2026-01,,https://openrouter.ai/upstage/solar-pro-3
minimax-minimax-m2-her,,,,0.3,2026-01,,https://openrouter.ai/minimax/minimax-m2-her
writer-palmyra-x5,,,,0.6,2026-01,,https://openrouter.ai/writer/palmyra-x5
z-ai-glm-4.7-flash,,,,0.1,2026-01,,https://openrouter.ai/z-ai/glm-4.7-flash
bytedance-seed-seed-1.6-flash,,,,0.1,2025-12,,https://openrouter.ai/bytedance-seed/seed-1.6-flash
bytedance-seed-seed-1.6,,,,0.2,2025-12,,https://openrouter.ai/bytedance-seed/seed-1.6
minimax-minimax-m2.1,,,,0.3,2025-12,,https://openrouter.ai/minimax/minimax-m2.1
z-ai-glm-4.7,,,,0.4,2025-12,,https://openrouter.ai/z-ai/glm-4.7
xiaomi-mimo-v2-flash,,,,0.1,2025-12,,https://openrouter.ai/xiaomi/mimo-v2-flash
nvidia-nemotron-3-nano-30b-a3b,,,,0.0,2025-12,,https://openrouter.ai/nvidia/nemotron-3-nano-30b-a3b
gpt-5.2-chat,,,,1.8,2025-12,,https://openrouter.ai/openai/gpt-5.2-chat
gpt-5.2-pro,,,,21.0,2025-12,,https://openrouter.ai/openai/gpt-5.2-pro
relace-relace-search,,,,1.0,2025-12,,https://openrouter.ai/relace/relace-search
z-ai-glm-4.6v,,,,0.3,2025-12,,https://openrouter.ai/z-ai/glm-4.6v
essentialai-rnj-1-instruct,,,,0.1,2025-12,,https://openrouter.ai/essentialai/rnj-1-instruct
gpt-5.1-codex-max,,,,1.2,2025-12,,https://openrouter.ai/openai/gpt-5.1-codex-max
amazon-nova-2-lite-v1,,,,0.3,2025-12,,https://openrouter.ai/amazon/nova-2-lite-v1
arcee-ai-trinity-mini,,,,0.0,2025-12,,https://openrouter.ai/arcee-ai/trinity-mini
prime-intellect-intellect-3,,,,0.2,2025-11,,https://openrouter.ai/prime-intellect/intellect-3
claude-opus-4.5,,,,5.0,2025-11,,https://openrouter.ai/anthropic/claude-opus-4.5
allenai-olmo-3-32b-think,,,,0.1,2025-11,,https://openrouter.ai/allenai/olmo-3-32b-think
deepcogito-cogito-v2.1-671b,,,,1.2,2025-11,,https://openrouter.ai/deepcogito/cogito-v2.1-671b
gpt-5.1-chat,,,,1.2,2025-11,,https://openrouter.ai/openai/gpt-5.1-chat
moonshotai-kimi-k2-thinking,,,,0.6,2025-11,,https://openrouter.ai/moonshotai/kimi-k2-thinking
amazon-nova-premier-v1,,,,2.5,2025-10,,https://openrouter.ai/amazon/nova-premier-v1
perplexity-sonar-pro-search,,,,3.0,2025-10,,https://openrouter.ai/perplexity/sonar-pro-search
minimax-minimax-m2,,,,0.3,2025-10,,https://openrouter.ai/minimax/minimax-m2
ibm-granite-granite-4.0-h-micro,,,,0.0,2025-10,,https://openrouter.ai/ibm-granite/granite-4.0-h-micro
microsoft-phi-4-mini-instruct,,,,0.1,2025-10,,https://openrouter.ai/microsoft/phi-4-mini-instruct
claude-haiku-4.5,,,,1.0,2025-10,,https://openrouter.ai/anthropic/claude-haiku-4.5
gemini-2.5-flash-image,,,,0.3,2025-10,,https://openrouter.ai/google/gemini-2.5-flash-image
z-ai-glm-4.6,,,,0.4,2025-09,,https://openrouter.ai/z-ai/glm-4.6
claude-sonnet-4.5,,,,3.0,2025-09,,https://openrouter.ai/anthropic/claude-sonnet-4.5
thedrummer-cydonia-24b-v4.1,,,,0.3,2025-09,,https://openrouter.ai/thedrummer/cydonia-24b-v4.1
relace-relace-apply-3,,,,0.8,2025-09,,https://openrouter.ai/relace/relace-apply-3
gemini-2.5-flash-lite-preview-09-2025,,,,0.1,2025-09,,https://openrouter.ai/google/gemini-2.5-flash-lite-preview-09-2025
qwen-plus-2025-07-28:thinking,,,,0.3,2025-09,,https://openrouter.ai/qwen/qwen-plus-2025-07-28:thinking
moonshotai-kimi-k2-0905,,,,0.6,2025-09,,https://openrouter.ai/moonshotai/kimi-k2-0905
nousresearch-hermes-4-70b,,,,0.1,2025-08,,https://openrouter.ai/nousresearch/hermes-4-70b
nousresearch-hermes-4-405b,,,,1.0,2025-08,,https://openrouter.ai/nousresearch/hermes-4-405b
deepseek-chat-v3.1,,,,0.2,2025-08,,https://openrouter.ai/deepseek/deepseek-chat-v3.1
mistral-medium-3.1,,,,0.4,2025-08,,https://openrouter.ai/mistralai/mistral-medium-3.1
z-ai-glm-4.5v,,,,0.6,2025-08,,https://openrouter.ai/z-ai/glm-4.5v
ai21-jamba-large-1.7,,,,2.0,2025-08,,https://openrouter.ai/ai21/jamba-large-1.7
claude-opus-4.1,,,,15.0,2025-08,,https://openrouter.ai/anthropic/claude-opus-4.1
z-ai-glm-4.5,,,,0.6,2025-07,,https://openrouter.ai/z-ai/glm-4.5
z-ai-glm-4.5-air,,,,0.1,2025-07,,https://openrouter.ai/z-ai/glm-4.5-air
bytedance-ui-tars-1.5-7b,,,,0.1,2025-07,,https://openrouter.ai/bytedance/ui-tars-1.5-7b
gemini-2.5-flash-lite,,,,0.1,2025-07,,https://openrouter.ai/google/gemini-2.5-flash-lite
switchpoint-router,,,,0.8,2025-07,,https://openrouter.ai/switchpoint/router
moonshotai-kimi-k2,,,,0.6,2025-07,,https://openrouter.ai/moonshotai/kimi-k2
tencent-hunyuan-a13b-instruct,,,,0.1,2025-07,,https://openrouter.ai/tencent/hunyuan-a13b-instruct
morph-morph-v3-large,,,,0.9,2025-07,,https://openrouter.ai/morph/morph-v3-large
morph-morph-v3-fast,,,,0.8,2025-07,,https://openrouter.ai/morph/morph-v3-fast
baidu-ernie-4.5-vl-424b-a47b,,,,0.4,2025-06,,https://openrouter.ai/baidu/ernie-4.5-vl-424b-a47b
mistral-small-3.2-24b-instruct,,,,0.1,2025-06,,https://openrouter.ai/mistralai/mistral-small-3.2-24b-instruct
minimax-minimax-m1,,,,0.4,2025-06,,https://openrouter.ai/minimax/minimax-m1
gemini-2.5-pro-preview,,,,1.2,2025-06,,https://openrouter.ai/google/gemini-2.5-pro-preview
arcee-ai-virtuoso-large,,,,0.8,2025-05,,https://openrouter.ai/arcee-ai/virtuoso-large
arcee-ai-coder-large,,,,0.5,2025-05,,https://openrouter.ai/arcee-ai/coder-large
llama-llama-guard-4-12b,,,,0.2,2025-04,,https://openrouter.ai/meta-llama/llama-guard-4-12b
openai-o3,,,,2.0,2025-04,,https://openrouter.ai/openai/o3
gpt-4.1,,,,2.0,2025-04,,https://openrouter.ai/openai/gpt-4.1
gpt-4.1-mini,,,,0.4,2025-04,,https://openrouter.ai/openai/gpt-4.1-mini
gpt-4.1-nano,,,,0.1,2025-04,,https://openrouter.ai/openai/gpt-4.1-nano
llama-llama-4-maverick,,,,0.1,2025-04,,https://openrouter.ai/meta-llama/llama-4-maverick
llama-llama-4-scout,,,,0.1,2025-04,,https://openrouter.ai/meta-llama/llama-4-scout
mistral-small-3.1-24b-instruct,,,,0.4,2025-03,,https://openrouter.ai/mistralai/mistral-small-3.1-24b-instruct
rekaai-reka-flash-3,,,,0.1,2025-03,,https://openrouter.ai/rekaai/reka-flash-3
thedrummer-skyfall-36b-v2,,,,0.6,2025-03,,https://openrouter.ai/thedrummer/skyfall-36b-v2
perplexity-sonar-reasoning-pro,,,,2.0,2025-03,,https://openrouter.ai/perplexity/sonar-reasoning-pro
perplexity-sonar-pro,,,,3.0,2025-03,,https://openrouter.ai/perplexity/sonar-pro
perplexity-sonar-deep-research,,,,2.0,2025-03,,https://openrouter.ai/perplexity/sonar-deep-research
aion-labs-aion-1.0,,,,4.0,2025-02,,https://openrouter.ai/aion-labs/aion-1.0
aion-labs-aion-1.0-mini,,,,0.7,2025-02,,https://openrouter.ai/aion-labs/aion-1.0-mini
aion-labs-aion-rp-llama-3.1-8b,,,,0.8,2025-02,,https://openrouter.ai/aion-labs/aion-rp-llama-3.1-8b
qwen2.5-vl-72b-instruct,,,,0.8,2025-02,,https://openrouter.ai/qwen/qwen2.5-vl-72b-instruct
perplexity-sonar,,,,1.0,2025-01,,https://openrouter.ai/perplexity/sonar
minimax-minimax-01,,,,0.2,2025-01,,https://openrouter.ai/minimax/minimax-01
microsoft-phi-4,,,,0.1,2025-01,,https://openrouter.ai/microsoft/phi-4
sao10k-l3.1-70b-hanami-x1,,,,3.0,2025-01,,https://openrouter.ai/sao10k/l3.1-70b-hanami-x1
sao10k-l3.3-euryale-70b,,,,0.7,2024-12,,https://openrouter.ai/sao10k/l3.3-euryale-70b
openai-o1,,,,15.0,2024-12,,https://openrouter.ai/openai/o1
command-r7b,,,,0.0,2024-12,,https://openrouter.ai/cohere/command-r7b-12-2024
llama-llama-3.3-70b-instruct,,,,0.1,2024-12,,https://openrouter.ai/meta-llama/llama-3.3-70b-instruct
amazon-nova-lite-v1,,,,0.1,2024-12,,https://openrouter.ai/amazon/nova-lite-v1
amazon-nova-micro-v1,,,,0.0,2024-12,,https://openrouter.ai/amazon/nova-micro-v1
amazon-nova-pro-v1,,,,0.8,2024-12,,https://openrouter.ai/amazon/nova-pro-v1
qwen-2.5-coder-32b-instruct,,,,0.7,2024-11,,https://openrouter.ai/qwen/qwen-2.5-coder-32b-instruct
thedrummer-unslopnemo-12b,,,,0.4,2024-11,,https://openrouter.ai/thedrummer/unslopnemo-12b
claude-3.5-haiku,,,,0.8,2024-11,,https://openrouter.ai/anthropic/claude-3.5-haiku
anthracite-org-magnum-v4-72b,,,,3.0,2024-10,,https://openrouter.ai/anthracite-org/magnum-v4-72b
qwen-2.5-7b-instruct,,,,0.0,2024-10,,https://openrouter.ai/qwen/qwen-2.5-7b-instruct
inflection-inflection-3-productivity,,,,2.5,2024-10,,https://openrouter.ai/inflection/inflection-3-productivity
inflection-inflection-3-pi,,,,2.5,2024-10,,https://openrouter.ai/inflection/inflection-3-pi
thedrummer-rocinante-12b,,,,0.2,2024-09,,https://openrouter.ai/thedrummer/rocinante-12b
llama-llama-3.2-3b-instruct,,,,0.1,2024-09,,https://openrouter.ai/meta-llama/llama-3.2-3b-instruct
llama-llama-3.2-1b-instruct,,,,0.0,2024-09,,https://openrouter.ai/meta-llama/llama-3.2-1b-instruct
llama-llama-3.2-11b-vision-instruct,,,,0.3,2024-09,,https://openrouter.ai/meta-llama/llama-3.2-11b-vision-instruct
qwen-2.5-72b-instruct,,,,0.4,2024-09,,https://openrouter.ai/qwen/qwen-2.5-72b-instruct
sao10k-l3.1-euryale-70b,,,,0.8,2024-08,,https://openrouter.ai/sao10k/l3.1-euryale-70b
nousresearch-hermes-3-llama-3.1-70b,,,,0.7,2024-08,,https://openrouter.ai/nousresearch/hermes-3-llama-3.1-70b
nousresearch-hermes-3-llama-3.1-405b,,,,1.0,2024-08,,https://openrouter.ai/nousresearch/hermes-3-llama-3.1-405b
sao10k-l3-lunaris-8b,,,,0.0,2024-08,,https://openrouter.ai/sao10k/l3-lunaris-8b
llama-llama-3.1-8b-instruct,,,,0.0,2024-07,,https://openrouter.ai/meta-llama/llama-3.1-8b-instruct
llama-llama-3.1-70b-instruct,,,,0.4,2024-07,,https://openrouter.ai/meta-llama/llama-3.1-70b-instruct
gpt-4o-mini,,,,0.1,2024-07,,https://openrouter.ai/openai/gpt-4o-mini
gpt-4o,,,,2.5,2024-05,,https://openrouter.ai/openai/gpt-4o
llama-llama-3-8b-instruct,,,,0.1,2024-04,,https://openrouter.ai/meta-llama/llama-3-8b-instruct
llama-llama-3-70b-instruct,,,,0.5,2024-04,,https://openrouter.ai/meta-llama/llama-3-70b-instruct
microsoft-wizardlm-2-8x22b,,,,0.6,2024-04,,https://openrouter.ai/microsoft/wizardlm-2-8x22b
gpt-4-turbo,,,,10.0,2024-04,,https://openrouter.ai/openai/gpt-4-turbo
gpt-3.5-turbo-instruct,,,,1.5,2023-09,,https://openrouter.ai/openai/gpt-3.5-turbo-instruct
gpt-3.5-turbo-16k,,,,3.0,2023-08,,https://openrouter.ai/openai/gpt-3.5-turbo-16k
mancer-weaver,,,,0.8,2023-08,,https://openrouter.ai/mancer/weaver
undi95-remm-slerp-l2-13b,,,,0.4,2023-07,,https://openrouter.ai/undi95/remm-slerp-l2-13b
gryphe-mythomax-l2-13b,,,,0.1,2023-07,,https://openrouter.ai/gryphe/mythomax-l2-13b
gpt-3.5-turbo,,,,0.5,2023-05,,https://openrouter.ai/openai/gpt-3.5-turbo
glm-5.2 (max),1470,,,,,,
z-ai-glm-5.2,,,,0.9,2026-06,,https://openrouter.ai/z-ai/glm-5.2
gemini-3.1-flash-image,,,,0.5,2026-06,,https://openrouter.ai/google/gemini-3.1-flash-image
gemini-3-pro-image,,,,2.0,2026-06,,https://openrouter.ai/google/gemini-3-pro-image
poolside-laguna-xs.2,,,,0.1,2026-04,,https://openrouter.ai/poolside/laguna-xs.2
poolside-laguna-m.1,,,,0.2,2026-04,,https://openrouter.ai/poolside/laguna-m.1
nex-agi-nex-n2-pro,,,,0.2,2026-06,,https://openrouter.ai/nex-agi/nex-n2-pro
z-ai-glm-5v-turbo,,,,1.2,2026-04,,https://openrouter.ai/z-ai/glm-5v-turbo
sakana-fugu-ultra,,,,5.0,2026-06,,https://openrouter.ai/sakana/fugu-ultra
